brand,url_part,title,final Price,Original Price
AKS,kurtas/aks/aks-women-white--peach-coloured-chanderi-silk-printed-a-line-kurta/2111418/buy,Printed A-Line Kurta,999,1999
AKS,kurtas/aks/aks-women-green-solid-anarkali-kurta/2250066/buy,Solid Anarkali Kurta,649,1299
AKS,kurtas/aks/aks-women-orange--off-white-printed-straight-kurta/2250040/buy,Printed Straight Kurta,699,999
AKS,kurtas/aks/aks-women-blue--rust-red-printed-a-line-kurta/1945108/buy,Printed A-Line Kurta,749,1499
AKS,kurtas/aks/aks-women-coffee-brown-solid-straight-kurta/2448878/buy,Solid Straight Kurta,560,1099
AKS,kurtas/aks/aks-women-blue--white-printed-anarkali-kurta/1975422/buy,Printed Anarkali Kurta,809,1799
AKS,kurtas/aks/aks-women-navy-blue--white-printed-anarkali-kurta/2463737/buy,Printed Anarkali Kurta,1049,1499
AKS,kurtas/aks/aks-women-black--rust-printed-anarkali-kurta/2127696/buy,Printed Anarkali Kurta,849,1699
AKS,kurtas/aks/aks-women-green-printed-off-shoulder-straight-kurta/1945081/buy,Printed Straight Kurta,458,899
AKS,kurtas/aks/aks-women-beige--red-printed-anarkali-kurta/2127697/buy,Printed Anarkali Kurta,799,1599
AKS,kurtas/aks/aks-women-cream-coloured--maroon-printed-straight-kurta/2250063/buy,Printed Straight Kurta,629,899
AKS,kurtas/aks/aks-women-yellow--red-printed-anarkali-kurta/2249988/buy,Printed Anarkali Kurta,649,1299
AKS,kurtas/aks/aks-women-blue--yellow-printed-a-line-kurta/2448951/buy,Printed A-Line Kurta,844,1299
AKS,kurtas/aks/aks-women-navy-blue-straight-kurta/2167399/buy,Straight Kurta,749,1499
AKS,kurtas/aks/aks-women-grey--white-printed-a-line-kurta/2493397/buy,Printed A-Line Kurta,1049,1499
AKS,kurtas/aks/aks-women-olive-green--blue-printed-anarkali-kurta/2262323/buy,Printed Anarkali Kurta,999,1999
AKS,kurtas/aks/aks-women-maroon--green-printed-anarkali-kurta/2111400/buy,Printed Anarkali Kurta,799,1599
AKS,kurtas/aks/aks-women-white--blue-printed-straight-kurta/1945075/buy,Printed Straight Kurta,629,899
AKS,kurtas/aks/aks-women-yellow--green-printed-layered-a-line-kurta/2493387/buy,Printed Layered A-Line Kurta,1044,1899
AKS,kurtas/aks/aks-women-mustard-yellow-kalamkari-print-anarkali-kurta/2095443/buy,Kalamkari Print Anarkali Kurta,815,1599
AKS,kurtas/aks/aks-women-navy-hand-block-print-a-line-kurta/2167358/buy,Hand Block Print A-Line Kurta,999,1999
AKS,kurtas/aks/aks-women-maroon-printed-anarkali-kurta/2250030/buy,Printed Anarkali Kurta,749,1499
AKS,kurtas/aks/aks-women-pink-solid-a-line-kurta/1945067/buy,Solid A-Line Kurta,749,999
AKS,kurtas/aks/aks-women-navy-blue--red-printed-straight-kurta/2493385/buy,Printed Straight Kurta,749,999
AKS,kurtas/aks/aks-women-red--white-printed-a-line-kurta/1945100/buy,Printed A-Line Kurta,799,1599
AKS,kurtas/aks/aks-women-off-white--blue-embroidered-anarkali-kurta/2463725/buy,Embroidered Anarkali Kurta,1399,1999
AKS,kurtas/aks/aks-women-olive-green-solid-straight-kurta-with-tassels/2448942/buy,Solid Straight Kurta,659,1099
AKS,kurtas/aks/aks-women-mustard-yellow--maroon-printed-straight-kurta/2250064/buy,Printed Straight Kurta,629,899
AKS,kurtas/aks/aks-women-white--blue-hand-block-print-anarkali-kurta/2463726/buy,Block Print Anarkali Kurta,1399,1999
AKS,kurtas/aks/aks-women-navy-printed-straight-kurta/2493383/buy,Printed Straight Kurta,824,1099
AKS,kurtas/aks/aks-women-navy--pink-printed-angrakha-anarkali-kurta/2493399/buy,Printed Anarkali Kurta,1049,1499
AKS,kurtas/aks/aks-women-maroon--blue-printed-a-line-kurta/2250024/buy,Printed A-Line Kurta,649,1299
AKS,kurtas/aks/aks-women-brown-dyed-a-line-kurta/2250052/buy,Dyed A-Line Kurta,899,1999
AKS,kurtas/aks/aks-maroon--blue-printed-anarkali-kurta/2082412/buy,Printed Anarkali Kurta,849,1699
AKS,kurtas/aks/aks-women-mustard--rust-printed-anarkali-kurta/1951418/buy,Printed Anarkali Kurta,809,1799
AKS,kurtas/aks/aks-women-black-woven-design-a-line-kurta/2095572/buy,Woven Design A-Line Kurta,749,1499
AKS,kurtas/aks/aks-women-cream-coloured--green-printed-straight-kurta/1945087/buy,Printed Straight Kurta,749,1499
AKS,kurtas/aks/aks-women-green-cold-shoulder-striped-straight-kurta/2111512/buy,Striped Straight Kurta,604,1099
AKS,kurtas/aks/aks-women-navy-printed-straight-kurta/2095543/buy,Printed Straight Kurta,728,899
AKS,kurtas/aks/aks-women-blue-printed-a-line-kurta/2262305/buy,Printed A-Line Kurta,662,1299
AKS,kurtas/aks/aks-women-navy-blue--red-printed-a-line-kurta/2250034/buy,Printed A-Line Kurta,749,1499
AKS,kurtas/aks/aks-women-navy-blue--rust-red-printed-anarkali-kurta/2262267/buy,Printed Anarkali Kurta,854,1899
AKS,kurtas/aks/aks-women-blue--pink-floral-print-anarkali-kurta/2095562/buy,Printed Anarkali Kurta,849,1699
AKS,kurtas/aks/aks-women-green--orange-printed-cold-shoulder-straight-kurta/2111375/buy,Printed Straight Kurta,604,1099
AKS,kurtas/aks/aks-women-black--yellow-striped-detail-a-line-kurta/2448925/buy,Striped Detail A-Line Kurta,909,1299
AKS,kurtas/aks/aks-women-grey--off-white-printed-straight-kurta/2111367/buy,Printed Straight Kurta,649,1299
AKS,kurtas/aks/aks-women-navy--off-white-printed-straight-kurta/2493380/buy,Printed Straight Kurta,824,1099
AKS,kurtas/aks/aks-women-red--beige-printed-anarkali-kurta/2111398/buy,Printed Anarkali Kurta,809,1799
AKS,kurtas/aks/aks-women-coral-pink-embellished-anarkali-kurta/2111403/buy,Embellished Anarkali Kurta,1099,2199
AKS,kurtas/aks/aks-women-blue--white-printed-straight-kurta/2493426/buy,Printed Straight Kurta,824,1099
AKS,kurtas/aks/aks-women-cream-coloured--blue-printed-anarkali-kurta/2024442/buy,Printed Anarkali Kurta,854,1899
AKS,kurtas/aks/aks-women-grey-printed-straight-kurta/2094956/buy,Printed Straight Kurta,699,999
AKS,kurtas/aks/aks-women-yellow--black-colourblocked-layered-a-line-kurta/2448894/buy,Colourblocked A-Line Kurta,560,1099
AKS,kurtas/aks/aks-women-mustard-yellow--blue-printed-straight-kurta/2448945/buy,Printed Straight Kurta,599,999
AKS,kurtas/aks/aks-women-burgundy-floral-print-anarkali-kurta/2082410/buy,Floral Print Anarkali Kurta,749,1499
AKS,kurtas/aks/aks-women-navy-embroidered-anarkali-kurta/2024408/buy,Embroidered Anarkali Kurta,849,1699
AKS,kurtas/aks/aks-women-blue--white-printed-anarkali-kurta/1945077/buy,Printed Anarkali Kurta,809,1799
AKS,kurtas/aks/aks-women-mustard-yellow-printed-angrakha-kurta/2111535/buy,Printed Angrakha Kurta,699,999
AKS,kurtas/aks/aks-women-olive-green--white-printed-straight-kurta/2250072/buy,Printed Straight Kurta,659,1199
AKS,kurtas/aks/aks-women-navy-blue--white-printed-a-line-kurta/2463704/buy,Printed A-Line Kurta,909,1299
AKS,kurtas/aks/aks-women-navy-blue-printed-anarkali-kurta/2082351/buy,Printed Anarkali Kurta,809,1799
AKS,kurtas/aks/aks-women-navy-blue--cream-coloured-khari-print-straight-kurta/2249967/buy,Khari Print Straight Kurta,799,1599
AKS,kurtas/aks/aks-women-white-yoke-design-straight-kurta/2448938/buy,Yoke Design Straight Kurta,1039,1599
AKS,kurtas/aks/aks-women-pink-printed-anarkali-kurta/2095038/buy,Anarkali Kurta,815,1599
AKS,kurtas/aks/aks-women-blue--off-white-printed-a-line-kurta/2024411/buy,Printed A-Line Kurta,854,1899
AKS,kurtas/aks/aks-women-grey--off-white-printed-a-line-kurta/2249974/buy,Printed A-Line Kurta,649,1299
AKS,kurtas/aks/aks-women-red-printed-pathani-kurta/2095050/buy,Printed Pathani Kurta,604,1099
AKS,kurtas/aks/aks-women-green-yoke-design-anarkali-kurta/2382476/buy,Yoke Design Anarkali Kurta,999,1999
AKS,kurtas/aks/aks-women-blue-yoke-design-straight-kurta/2249987/buy,Yoke Design Straight Kurta,649,999
AKS,kurtas/aks/aks-women-mustard-yellow-solid-straight-kurta/1945065/buy,Solid Straight Kurta,599,999
AKS,kurtas/aks/aks-women-yellow-floral-print-straight-kurta/2382498/buy,Printed Straight Kurta,604,1099
AKS,kurtas/aks/aks-women-navy-blue--rust-red-yoke-design-anarkali-kurta/2262289/buy,Yoke Design Anarkali Kurta,749,1499
AKS,kurtas/aks/aks-women-yellow--grey-checked-cold-shoulder-straight-kurta/2111511/buy,Cold Shoulder Straight Kurta,604,1099
AKS,kurtas/aks/aks-women-yellow--blue-printed-layered-anarkali-kurta/2024455/buy,Printed Anarkali Kurta,1099,2199
AKS,kurtas/aks/aks-women-navy-printed-a-line-kurta/2024425/buy,Printed A-Line Kurta,699,999
AKS,kurtas/aks/aks-women-yellow--red-embroidered-anarkali-kurta/2262338/buy,Embroidered Anarkali Kurta,999,1999
AKS,kurtas/aks/aks-women-rust-red--beige-printed-straight-kurta/2250026/buy,Printed Straight Kurta,629,899
AKS,kurtas/aks/aks-red--navy-colourblocked-straight-kurta/2082389/buy,Colourblocked Straight Kurta,604,1099
AKS,kurtas/aks/aks-women-turquoise-blue-solid-anarkali-kurta/2382479/buy,Solid Anarkali Kurta,1044,1899
AKS,kurtas/aks/aks-women-mustard-yellow--maroon-printed-a-line-kurta/2250103/buy,Printed A-Line Kurta,604,1099
AKS,kurtas/aks/aks-women-pink-solid-straight-kurta/1951416/buy,Solid Straight Kurta,458,899
AKS,kurtas/aks/aks-women-grey-solid-straight-kurta/2262271/buy,Solid Straight Kurta,604,1099
AKS,kurtas/aks/aks-women-black-printed-a-line-kurta/2250028/buy,Printed A-Line Kurta,604,1099
AKS,kurtas/aks/aks-women-blue-solid-anarkali-kurta/2082322/buy,Women Solid Anarkali Kurta,799,1599
AKS,kurtas/aks/aks-women-red-printed-detail-a-line-kurta/2249980/buy,Printed Detail A-Line Kurta,649,1299
AKS,kurtas/aks/aks-women-white--mustard-yellow-printed-straight-kurta/2448864/buy,Printed Straight Kurta,509,999
AKS,kurtas/aks/aks-women-navy-printed-detail-straight-kurta/2111515/buy,Printed Detail Straight Kurta,649,1299
AKS,kurtas/aks/aks-women-grey--off-white-screen-print-a-line-kurta/2249976/buy,Screen Print A-Line Kurta,649,1299
AKS,kurtas/aks/aks-women-green-embroidered-straight-kurta/2382480/buy,Embroidered Straight Kurta,1099,2199
AKS,kurtas/aks/aks-women-green--peach-coloured-floral-print-off-shoulder-straight-kurta/2111396/buy,Off-Shoulder Straight Kurta,629,899
AKS,kurtas/aks/aks-women-yellow-embroidered-straight-kurta/2382482/buy,Embroidered Straight Kurta,1036,1699
AKS,kurtas/aks/aks-women-green-printed-cold-shoulder-straight-kurta/2111372/buy,Printed Straight Kurta,604,1099
AKS,kurtas/aks/aks-women-grey--blue-printed-straight-kurta/2493377/buy,Printed Straight Kurta,674,899
AKS,kurtas/aks/aks-women-off-white--blue-printed-high-low-a-line-kurta/2463727/buy,Printed High-Low A-Line Kurta,1039,1599
AKS,kurtas/aks/aks-women-pink--cream-coloured-printed-a-line-kurta/2167344/buy,Printed A-Line Kurta,604,1099
AKS,kurtas/aks/aks-women-navy-blue-printed-detail-a-line-kurta/2250046/buy,Printed Detail A-Line Kurta,649,1299
AKS,kurtas/aks/aks-women-white-embroidered-detail-chanderi-silk-straight-kurta/2382483/buy,Embroidered Straight Kurta,1036,1699
AKS,kurtas/aks/aks-women-green--orange-floral-print-a-line-kurta/2493425/buy,Floral Print A-Line Kurta,1044,1899
AKS,kurtas/aks/aks-women-blue--off-white-ethnic-print-straight-kurta/2382499/buy,Ethnic Print Straight Kurta,659,1199
AKS,kurtas/aks/aks-women-cream-coloured--blue-printed-straight-kurta/2448872/buy,Printed Straight Kurta,659,1099
AKS,kurtas/aks/aks-women-navy-blue-embroidered-straight-kurta/1945064/buy,Embroidered Straight Kurta,649,1299
AKS,kurtas/aks/aks-women-mustard--maroon-printed-a-line-kurta-with-ethnic-jacket/2250061/buy,Printed A-Line Kurta,649,1299
AKS,kurtas/aks/aks-women-brown--pink-floral-print-off-shoulder-straight-kurta/2111397/buy,Off-Shoulder Straight Kurta,629,899
AKS,kurtas/aks/aks-women-green--peach-coloured-printed-straight-kurta/2111395/buy,Printed Straight Kurta,604,1099
AKS,kurtas/aks/aks-women-maroon-solid-fringed-a-line-kurta/2111536/buy,Solid A-Line Kurta,815,1599
AKS,kurtas/aks/aks-women-grey--brown-printed-a-line-kurta/2111534/buy,Printed A-Line Kurta,649,1299
AKS,kurtas/aks/aks-women-peach-coloured-solid-a-line-kurta/2111420/buy,Solid A-Line Kurta,999,1999
AKS,kurtas/aks/aks-women-brown--cream-coloured-printed-anarkali-kurta/2262288/buy,Printed Anarkali Kurta,899,1999
AKS,kurtas/aks/aks-women-coral-pink--peach-coloured-printed-cold-shoulder-straight-kurta/2111513/buy,Cold-Shoulder Straight Kurta,604,1099
AKS,kurtas/aks/aks-women-navy-blue--white-embroidered-detail-a-line-kurta/2463709/buy,Embroidered A-Line Kurta,1399,1999
AKS,kurtas/aks/aks-women-blue--magenta-printed-off-shoulder-anarkali-kurta/2111532/buy,Printed Anarkali Kurta,749,1499
AKS,kurtas/aks/aks-women-blue--off-white-printed-straight-kurta/2249986/buy,Printed Straight Kurta,649,1299
AKS,kurtas/aks/aks-women-navy-blue--red-printed-anarkali-kurta/2250037/buy,Printed Anarkali Kurta,849,1699
AKS,kurtas/aks/aks-women-beige--peach-coloured-colourblocked-straight-kurta/2448854/buy,Colourblocked Straight Kurta,659,1099
AKS,kurtas/aks/aks-women-navy--beige-printed-straight-kurta/2262286/buy,Printed Straight Kurta,699,999
AKS,kurtas/aks/aks-women-navy-blue--red-printed-straight-kurta/2250039/buy,Printed Straight Kurta,629,899
AKS,kurtas/aks/aks-women-brown--grey-printed-off-shoulder-a-line-kurta/2111533/buy,Off-Shoulder A-Line Kurta,749,1499
AKS,kurtas/aks/aks-women-navy--off-white-printed-straight-kurta/2167343/buy,Printed Straight Kurta,699,999
AKS,kurtas/aks/aks-women-maroon--black-printed-off-shoulder-straight-kurta/1945104/buy,Printed Straight Kurta,584,899
AKS,kurtas/aks/aks-women-black-printed-detail-straight-kurta/2111379/buy,Printed Detail Straight Kurta,699,999
AKS,kurtas/aks/aks-women-black--off-white-printed-straight-kurta/2493414/buy,Printed Straight Kurta,824,1099
AKS,kurtas/aks/aks-women-orange--mustard-yellow-printed-anarkali-kurta/1945096/buy,Printed Anarkali Kurta,815,1599
AKS,kurtas/aks/aks-women-navy-solid-straight-kurta/2111407/buy,Solid Straight Kurta,599,999
AKS,kurtas/aks/aks-women-off-white--yellow-printed-anarkali-kurta/2111383/buy,Printed Anarkali Kurta,849,1699
AKS,kurtas/aks/aks-women-peach-coloured--charcoal-grey-printed-angrakha-kurta/2250057/buy,Printed Angrakha Kurta,899,1999
AKS,kurtas/aks/aks-women-brown--off-white-printed-anarkali-kurta/2448918/buy,Printed Anarkali Kurta,1049,1499
AKS,kurtas/aks/aks-women-red--navy-printed-a-line-kurta/2250038/buy,Printed A-Line Kurta,649,1299
AKS,kurtas/aks/aks-women-blue--white-printed-a-line-kurta/2095084/buy,A-Line Kurta,815,1599
AKS,kurtas/aks/aks-women-navy-blue--cream-coloured-khari-print-anarkali-kurta/2249968/buy,Khari Print Anarkali Kurta,849,1699
AKS,kurtas/aks/aks-women-blue--red-printed-a-line-kurta/2262276/buy,Printed A-Line Kurta,749,1499
AKS,kurtas/aks/aks-women-red--mustard-yellow-printed-anarkali-kurta/2448903/buy,Printed Anarkali Kurta,909,1299
AKS,kurtas/aks/aks-women-black--grey-printed-anarkali-kurta/2493400/buy,Printed Anarkali Kurta,1049,1499
AKS,kurtas/aks/aks-women-peach-coloured-solid-straight-kurta/2448890/buy,Solid Straight Kurta,599,999
AKS,kurtas/aks/aks-women-pink--yellow-floral-print-a-line-kurta/2493422/buy,Printed A-Line Kurta,909,1299
AKS,kurtas/aks/aks-women-blue-solid-straight-kurta/2111406/buy,Solid Straight Kurta,629,899
AKS,kurtas/aks/aks-women-green--peach-coloured-floral-print-a-line-kurta/2111393/buy,Printed A-Line Kurta,809,1799
AKS,kurtas/aks/aks-women-blue--beige-colourblocked-straight-kurta/2448855/buy,Colourblocked Straight Kurta,659,1099
AKS,kurtas/aks/aks-women-cream-coloured--blue-checked-a-line-kurta/2262307/buy,Checked A-Line Kurta,649,1299
AKS,kurtas/aks/aks-women-blue--yellow-embellished-anarkali-kurta/2111405/buy,Embellished Anarkali Kurta,854,1899
AKS,kurtas/aks/aks-women-black--brown-printed-anarkali-kurta/2250060/buy,Printed Anarkali Kurta,649,1299
AKS,kurtas/aks/aks-women-brown--black-printed-straight-kurta/2448868/buy,Printed Straight Kurta,659,1099
AKS,kurtas/aks/aks-women-magenta-woven-design-straight-kurta/2448883/buy,Woven Design Straight Kurta,599,999
AKS,kurtas/aks/aks-women-olive-brown--black-printed-straight-kurta/2250058/buy,Printed Straight Kurta,699,999
AKS,kurtas/aks/aks-women-red-solid-fringed-straight-kurta/2111519/buy,Solid Straight Kurta,604,1099
AKS,kurtas/aks/aks-women-grey--off-white-printed-a-line-kurta/2249975/buy,Printed A-Line Kurta,649,1299
AKS,kurtas/aks/aks-women-navy-blue--gold-toned-printed-a-line-kurta/2167335/buy,Printed A-Line Kurta,604,1099
AKS,kurtas/aks/aks-women-mustard-yellow-geometric-print-straight-kurta/2493403/buy,Printed Straight Kurta,909,1299
AKS,kurtas/aks/aks-women-brown--off-white-printed-a-line-kurta/2111404/buy,Printed A-Line Kurta,854,1899
AKS,kurtas/aks/aks-women-pink--green-printed-straight-kurta/1951403/buy,Printed Straight Kurta,629,899
AKS,kurtas/aks/aks-women-blue--brown-printed-straight-kurta/2249983/buy,Printed Straight Kurta,699,999
AKS,kurtas/aks/aks-women-teal-blue--green-printed-anarkali-kurta/2448909/buy,Printed Anarkali Kurta,959,1599
AKS,kurtas/aks/aks-women-yellow-embroidered-detail-straight-kurta/2382481/buy,Embroidered Straight Kurta,1099,2199
AKS,kurtas/aks/aks-women-peach-coloured--grey-printed-a-line-kurta/2262285/buy,Printed A-Line Kurta,604,1099
AKS,kurtas/aks/aks-women-yellow--grey-yoke-design-anarkali-kurta/2262270/buy,Yoke Design Anarkali Kurta,879,1599
AKS,kurtas/aks/aks-women-beige--black-printed-anarkali-kurta/2448906/buy,Printed Anarkali Kurta,909,1299
AKS,kurtas/aks/aks-women-navy-blue-printed-anarkali-kurta/2463728/buy,Printed Anarkali Kurta,1049,1499
AKS,kurtas/aks/aks-women-cream-coloured-printed-a-line-kurta/2111424/buy,Printed A-Line Kurta,999,1999
AKS,kurtas/aks/aks-women-red-printed-a-line-kurta/2167372/buy,Printed A-Line Kurta,649,1299
AKS,kurtas/aks/aks-women-magenta--white-printed-a-line-kurta/2448898/buy,Printed A-Line Kurta,959,1599
AKS,kurtas/aks/aks-women-red--grey-printed-a-line-kurta/2111382/buy,Printed A-Line Kurta,799,1599
AKS,kurtas/aks/aks-women-green--beige-printed-anarkali-kurta/2167376/buy,Printed Anarkali Kurta,815,1599
AKS,kurtas/aks/aks-women-mustard-yellow--silver-embellished-a-line-kurta/2111402/buy,Embellished A-Line Kurta,799,1599
AKS,kurtas/aks/aks-women-mustard-yellow--cream-coloured-printed-a-line-kurta/2250051/buy,Printed A-Line Kurta,749,1499
AKS,kurtas/aks/aks-women-pink--yellow-printed-straight-angrakha-kurta/2111392/buy,Printed Straight Kurta,699,999
AKS,kurtas/aks/aks-women-blue--red-printed-off-shoulder-a-line-kurta/1945099/buy,Printed A-Line Kurta,989,2199
AKS,kurtas/aks/aks-women-maroon--beige-printed-fringed-straight-kurta/2448921/buy,Printed Fringed Straight Kurta,779,1299
AKS,kurtas/aks/aks-women-mustard-yellow-solid-straight-kurta/1945060/buy,Solid Straight Kurta,604,1099
AKS,kurtas/aks/aks-women-off-white--mustard-yellow-printed-straight-kurta/2111412/buy,Printed Straight Kurta,604,1099
AKS,kurtas/aks/aks-women-pink-printed-anarkali-kurta/2167370/buy,Printed Anarkali Kurta,899,1799
AKS,kurtas/aks/aks-women-navy-silk-solid-anarkali-kurta/2382492/buy,Solid Anarkali Kurta,999,1999
AKS,kurtas/aks/aks-women-charcoal-grey-yoke-design-straight-kurta/2262333/buy,Yoke Design Straight Kurta,649,1299
AKS,kurtas/aks/aks-women-brown--off-white-printed-a-line-kurta/1945098/buy,Printed A-Line Kurta,659,1199
AKS,kurtas/aks/aks-women-cream-coloured-yoke-design-a-line-kurta/2463706/buy,Yoke Design A-Line Kurta,1019,1699
AKS,kurtas/aks/aks-women-beige--brown-printed-straight-kurta/2111377/buy,Printed Straight Kurta,674,899
AKS,kurtas/aks/aks-women-navy--white-printed-anarkali-kurta/2095464/buy,Printed Anarkali Kurta,649,1299
AKS,kurtas/aks/aks-women-mustard-yellow--red-printed-anarkali-kurta/2250031/buy,Printed Anarkali Kurta,809,1799
AKS,kurtas/aks/aks-women-mustard-yellow--off-white-printed-a-line-kurta/2249978/buy,Printed A-Line Kurta,849,1699
AKS,kurtas/aks/aks-women-navy-blue-straight-kurta-with-printed-detail/2111414/buy,Kurta with Printed Detail,604,1099
AKS,kurtas/aks/aks-women-orange-printed-straight-kurta/2167378/buy,Printed Straight Kurta,599,999
AKS,kurtas/aks/aks-women-orange--yellow-printed-cold-shoulder-straight-kurta/2448876/buy,Printed Straight Kurta,599,999
AKS,kurtas/aks/aks-women-brown--off-white-printed-anarkali-kurta/2167340/buy,Printed Anarkali Kurta,749,1499
AKS,kurtas/aks/aks-women-navy--pink-striped-off-shoulder-straight-kurta/2262324/buy,Striped Straight Kurta,599,999
AKS,kurtas/aks/aks-women-rust-solid-a-line-kurta/2127705/buy,Solid A-Line Kurta,649,1299
AKS,kurtas/aks/aks-women-yellow-solid-crepe-off-shoulder-straight-kurta/2095556/buy,Off-Shoulder Straight Kurta,599,799
AKS,kurtas/aks/aks-women-peach-coloured-printed-straight-kurta/2111385/buy,Printed Straight Kurta,604,1099
AKS,kurtas/aks/aks-women-black--green-dyed-anarkali-kurta/2250054/buy,Dyed Anarkali Kurta,815,1599
AKS,kurtas/aks/aks-women-red-anarkali-kurta-with-printed-detail/2262283/buy,Kurta with Printed Detail,749,1499
AKS,kurtas/aks/aks-women-blue--red-checked-angrakha-a-line-kurta/2448905/buy,Checked A-Line Kurta,1049,1499
AKS,kurtas/aks/aks-women-maroon--blue-printed-anarkali-kurta/2250023/buy,Printed Anarkali Kurta,815,1599
AKS,kurtas/aks/aks-women-brown--off-white-printed-a-line-kurta/2250086/buy,Printed A-Line Kurta,649,1299
AKS,kurtas/aks/aks-women-olive-green--blue-printed-straight-kurta/2250073/buy,Printed Straight Kurta,599,1199
AKS,kurtas/aks/aks-women-navy-blue-solid-straight-kurta/2262273/buy,Solid Straight Kurta,604,1099
AKS,kurtas/aks/aks-women-maroon--beige-kalamkari-print-layered-straight-kurta/2448859/buy,Printed Layered Straight Kurta,959,1599
AKS,kurtas/aks/aks-women-cream-coloured--orange-checked-a-line-kurta/1951412/buy,Checked A-Line Kurta,749,1499
AKS,kurtas/aks/aks-women-blue--orange-printed-layered-angrakha-a-line-kurta/2024421/buy,Angrakha A-Line Kurta,1124,2499
AKS,kurtas/aks/aks-women-pink--navy-blue-printed-layered-straight-kurta/2448877/buy,Printed Straight Kurta,959,1599
AKS,kurtas/aks/aks-women-off-white--red-printed-a-line-kurta/2448916/buy,Printed A-Line Kurta,909,1299
AKS,kurtas/aks/aks-women-beige-embroidred-straight-kurta/2111524/buy,Embroidred Straight Kurta,999,1999
AKS,kurtas/aks/aks-women-orange-yoke-design-a-line-kurta/2095450/buy,Yoke Design A-Line Kurta,649,1299
AKS,kurtas/aks/aks-women-beige--black-printed-anarkali-kurta/2262282/buy,Printed Anarkali Kurta,799,1999
AKS,kurtas/aks/aks-women-red--blue-striped-straight-kurta/2448850/buy,Striped Straight Kurta,659,1099
AKS,kurtas/aks/aks-women-blue--white-printed-a-line-kurta/2463743/buy,Printed A-Line Kurta,909,1299
AKS,kurtas/aks/aks-women-yellow--maroon-printed-layered-straight-kurta/2262268/buy,Printed Straight Kurta,604,1099
AKS,kurtas/aks/aks-women-orange--grey-printed-a-line-kurta/2250047/buy,Printed A-Line Kurta,849,1699
AKS,kurtas/aks/aks-women-rust-orange--burgundy-printed-a-line-kurta/2448946/buy,Printed A-Line Kurta,844,1299
AKS,kurtas/aks/aks-women-blue--sea-green-printed-a-line-kurta/2382486/buy,Printed A-Line Kurta,749,1499
AKS,kurtas/aks/aks-women-coral-pink-woven-design-a-line-kurta-with-slit-sleeves/2382496/buy,Woven Design A-Line Kurta,649,1299
AKS,kurtas/aks/aks-women-beige--orange-printed-anarkali-kurta/2167386/buy,Printed Anarkali Kurta,799,1599
AKS,kurtas/aks/aks-women-yellow-solid-straight-kurta/2448887/buy,Solid Straight Kurta,714,1099
AKS,kurtas/aks/aks-women-blue-printed-anarkali-kurta/1945085/buy,Printed Anarkali Kurta,749,1499
AKS,kurtas/aks/aks-women-navy--white-printed-anarkali-kurta/2463742/buy,Printed Anarkali Kurta,1049,1499
AKS,kurtas/aks/aks-women-brown--rust-orange-printed-tiered-anarkali-kurta/2250018/buy,Printed Anarkali Kurta,749,1499
AKS,kurtas/aks/aks-women-red--blue-yoke-design-a-line-kurta/2448930/buy,Yoke Design A-Line Kurta,779,1299
AKS,kurtas/aks/aks-women-pink--off-white-printed-anarkali-kurta/2167345/buy,Printed Anarkali Kurta,799,1599
AKS,kurtas/aks/aks-women-brown--beige-printed-a-line-kurta/2262327/buy,Printed A-Line Kurta,749,1499
AKS,kurtas/aks/aks-women-olive-green--black-printed-a-line-kurta/2250067/buy,Printed A-Line Kurta,649,1299
AKS,kurtas/aks/aks-women-pink-solid-straight-kurta/2262337/buy,Solid Straight Kurta,649,1299
AKS,kurtas/aks/aks-women-blue--off-white-yoke-design-anarkali-kurta/2262300/buy,Yoke Design Anarkali Kurta,649,1299
AKS,kurtas/aks/aks-women-navy--off-white-printed-straight-kurta/2250035/buy,Printed Straight Kurta,599,1199
AKS,kurtas/aks/aks-women-cream-coloured--peach-coloured-printed-a-line-kurta/2250045/buy,Printed A-Line Kurta,649,1299
AKS,kurtas/aks/aks-women-brown-yoke-design-straight-kurta/2463723/buy,Yoke Design Straight Kurta,1039,1599
AKS,kurtas/aks/aks-women-blue-printed-a-line-kurta/1945051/buy,Printed A-Line Kurta,599,1199
AKS,kurtas/aks/aks-women-navy--white-printed-straight-kurta/2448865/buy,Printed Straight Kurta,719,1199
AKS,kurtas/aks/aks-women-green--black-printed-anarkali-kurta/2448911/buy,Printed Anarkali Kurta,974,1499
AKS,kurtas/aks/aks-women-turquoise-blue--white-printed-straight-kurta/2448957/buy,Printed Straight Kurta,719,1199
AKS,kurtas/aks/aks-women-beige--brown-printed-cold-shoulder-anarkali-kurta/2262277/buy,Printed Anarkali Kurta,949,1899
AKS,kurtas/aks/aks-women-grey-solid-a-line-kurta/2262335/buy,Solid A-Line Kurta,854,1899
AKS,kurtas/aks/aks-women-pink--yellow-printed-a-line-kurta/2493423/buy,Printed A-Line Kurta,909,1299
AKS,kurtas/aks/aks-women-blue--black-printed-anarkali-kurta/2111408/buy,Printed Anarkali Kurta,849,1699
AKS,kurtas/aks/aks-women-white--black-printed-a-line-kurta/2262275/buy,Printed A-Line Kurta,749,1499
AKS,kurtas/aks/aks-women-navy--white-printed-a-line-kurta/2463729/buy,Printed A-Line Kurta,824,1099
AKS,kurtas/aks/aks-women-off-white-yoke-design-straight-kurta/2463722/buy,Yoke Design Straight Kurta,1039,1599
AKS,kurtas/aks/aks-women-black--blue-printed-anarkali-kurta/2262322/buy,Printed Anarkali Kurta,999,1999
AKS,kurtas/aks/aks-women-coffee-brown-printed-a-line-kurta/2095451/buy,Printed A-Line Kurta,749,1499
AKS,kurtas/aks/aks-women-olive-green--navy-blue-printed-a-line-kurta/2262330/buy,Printed A-Line Kurta,749,1499
AKS,kurtas/aks/aks-women-pink--blue-printed-a-line-kurta/2448933/buy,Printed A-Line Kurta,909,1299
AKS,kurtas/aks/aks-women-blue--off-white-printed-anarkali-kurta/2250048/buy,Printed Anarkali Kurta,749,1499
AKS,kurtas/aks/aks-women-black--off-white-printed-a-line-kurta/2250029/buy,Printed A-Line Kurta,604,1099
AKS,kurtas/aks/aks-women-blue-solid-straight-fringed-kurta/2111518/buy,Solid Straight Fringed Kurta,649,1299
AKS,kurtas/aks/aks-women-blue--white-printed-straight-kurta/2493424/buy,Printed Straight Kurta,824,1099
AKS,kurtas/aks/aks-women-teal-blue--beige-colourblocked-straight-kurta/2167393/buy,Colourblocked Straight Kurta,649,1299
AKS,kurtas/aks/aks-women-navy-solid-straight-kurta/2111520/buy,Solid Straight Kurta,604,1099
AKS,kurtas/aks/aks-women-navy-blue--off-white-printed-a-line-kurta/2463745/buy,Printed A-Line Kurta,1049,1499
AKS,kurtas/aks/aks-women-mustard--maroon-printed-a-line-kurta/2262290/buy,Printed A-Line Kurta,649,1299
AKS,kurtas/aks/aks-women-brown--maroon-printed-straight-kurta/2249985/buy,Printed Straight Kurta,649,1299
AKS,kurtas/aks/aks-women-maroon--yellow-printed-straight-kurta/2024453/buy,Printed Straight Kurta,649,999
AKS,kurtas/aks/aks-women-navy--red-printed-anarkali-kurta/2493384/buy,Printed Anarkali Kurta,1049,1499
AKS,kurtas/aks/aks-women-navy-blue--off-white-printed-layered-straight-kurta/2287442/buy,Printed Layered Straight Kurta,879,2199
AKS,kurtas/aks/aks-women-red--cream-coloured-printed-straight-kurta/2448846/buy,Printed Straight Kurta,659,1099
AKS,kurtas/aks/aks-women-pink-solid-tiered-anarkali-kurta/2111416/buy,Solid Tiered Anarkali Kurta,854,1899
AKS,kurtas/aks/aks-women-navy-blue--off-white-printed-a-line-kurta/1951402/buy,Printed A-Line Kurta,854,1899
AKS,kurtas/aks/aks-women-yellow-printed-a-line-kurta/2111390/buy,Printed A-Line Kurta,854,1899
AKS,kurtas/aks/aks-women-charcoal-grey--brown-printed-straight-kurta/2448863/buy,Printed Straight Kurta,599,999
AKS,kurtas/aks/aks-women-green--grey-printed-anarkali-kurta/2493374/buy,Printed Anarkali Kurta,1039,1599
AKS,kurtas/aks/aks-women-blue-dyed-a-line-kurta/2250055/buy,Dyed A-Line Kurta,649,1299
AKS,kurtas/aks/aks-women-navy--maroon-printed-a-line-kurta/2250036/buy,Printed A-Line Kurta,649,1299
AKS,kurtas/aks/aks-women-cream-coloured-solid-a-line-kurta/2167396/buy,Solid A-Line Kurta,749,1499
AKS,kurtas/aks/aks-women-blue--red-printed-straight-kurta/2448923/buy,Printed Straight Kurta,659,1099
AKS,kurtas/aks/aks-women-orange--brown-printed-a-line-kurta/2111381/buy,Printed A-Line Kurta,599,1199
AKS,kurtas/aks/aks-women-blue--brown-printed-straight-kurta/2249982/buy,Printed Straight Kurta,649,1299
AKS,kurtas/aks/aks-women-pink-solid-straight-kurta/2262272/buy,Solid Straight Kurta,604,1099
AKS,kurtas/aks/aks-women-peach-coloured--green-printed-straight-kurta/2111389/buy,Printed Straight Kurta,604,1099
AKS,kurtas/aks/aks-women-off-white--blue-printed-straight-kurta/2493416/buy,Printed Straight Kurta,909,1299
AKS,kurtas/aks/aks-women-coral-pink--white-printed-a-line-kurta/2024448/buy,Printed A-Line Kurta,599,999
AKS,kurtas/aks/aks-women-green-floral-print-cold-shoulder-straight-kurta/2111410/buy,Cold Shoulder Straight Kurta,604,1099
AKS,kurtas/aks/aks-women-brown-printed-straight-kurta/2111378/buy,Printed Straight Kurta,699,999
AKS,kurtas/aks/aks-women-red--beige-crepe-printed-straight-kurta/2024460/buy,Printed Straight Kurta,629,899
AKS,kurtas/aks/aks-women-beige--black-colourblocked-straight-kurta/2448853/buy,Colourblocked Straight Kurta,719,1199
AKS,kurtas/aks/aks-women-red-solid-crepe-off-shoulder-straight-kurta/2095554/buy,Off-Shoulder Straight Kurta,599,799
AKS,kurtas/aks/aks-women-blue--white-printed-off-shoulder-straight-kurta/2095547/buy,Printed Straight Kurta,559,699
AKS,kurtas/aks/aks-women-beige-solid-straight-kurta/2448852/buy,Solid Straight Kurta,779,1299
AKS,kurtas/aks/aks-women-mustard-yellow--brown-printed-straight-kurta/2448860/buy,Printed Straight Kurta,659,1099
AKS,kurtas/aks/aks-women-pink--white-printed-anarkali-kurta/2493401/buy,Printed Anarkali Kurta,1019,1699
AKS,kurtas/aks/aks-women-green--orange-printed-a-line-kurta/2111373/buy,Printed A-Line Kurta,974,1499
AKS,kurtas/aks/aks-women-blue-printed-tiered-anarkali-kurta/2167341/buy,Printed Anarkali Kurta,849,1699
AKS,kurtas/aks/aks-women-yellow--grey-printed-anarkali-kurta/2127694/buy,Printed Anarkali Kurta,849,1699
AKS,kurtas/aks/aks-women-navy--cream-coloured-printed-anarkali-kurta/2249970/buy,Printed Anarkali Kurta,815,1599
AKS,kurtas/aks/aks-women-cream-coloured--green-printed-a-line-kurta/2262296/buy,Printed A-Line Kurta,799,1599
AKS,kurtas/aks/aks-women-mustard-yellow--black-printed-anarkali-kurta/2262315/buy,Printed Anarkali Kurta,854,1899
AKS,kurtas/aks/aks-women-mustard-brown--white-printed-a-line-kurta/2095002/buy,A-Line Kurta,815,1599
AKS,kurtas/aks/aks-women-red-embroidered-detail-straight-kurta/1945068/buy,Embroidered Straight Kurta,649,1299
AKS,kurtas/aks/aks-women-blue-solid-a-line-kurta/2095088/buy,A-Line Kurta,749,1499
AKS,kurtas/aks/aks-women-grey--maroon-printed-a-line-kurta/2249981/buy,Printed A-Line Kurta,649,1299
AKS,kurtas/aks/aks-women-blue--white-printed-a-line-kurta/2262306/buy,Printed A-Line Kurta,759,1899
AKS,kurtas/aks/aks-women-black--green-yoke-design-a-line-kurta/2262299/buy,Yoke Design A-Line Kurta,649,1299
AKS,kurtas/aks/aks-women-blue--red-printed-a-line-kurta/2024413/buy,Printed A-Line Kurta,649,1299
AKS,kurtas/aks/aks-women-cream-coloured--taupe-printed-a-line-kurta/1945091/buy,Printed A-Line Kurta,649,1299
AKS,kurtas/aks/aks-women-navy-solid-straight-kurta/2111528/buy,Solid Straight Kurta,604,1099
AKS,kurtas/aks/aks-women-red-printed-a-line-kurta/2095114/buy,A-Line Kurta,599,799
AKS,kurtas/aks/aks-women-rust-orange--brown-printed-straight-kurta/2250006/buy,Printed Straight Kurta,629,899
AKS,kurtas/aks/aks-women-black--mustard-yellow-printed-tiered-a-line-kurta/2287437/buy,Printed A-Line Kurta,809,1799
AKS,kurtas/aks/aks-women-orange-solid-anarkali-kurta/2262334/buy,Solid Anarkali Kurta,854,1899
AKS,kurtas/aks/aks-women-red-embellished-straight-kurta/2111401/buy,Embellished Straight Kurta,799,1599
AKS,kurtas/aks/aks-women-beige--brown-printed-a-line-kurta/2111514/buy,Printed A-Line Kurta,649,1299
AKS,kurtas/aks/aks-women-beige-silk-embroidred-straight-kurta/2111522/buy,Embroidred Straight Kurta,999,1999
AKS,kurtas/aks/aks-women-navy--green-floral-print-a-line-kurta/2167383/buy,Floral Print A-Line Kurta,799,1599
AKS,kurtas/aks/aks-women-red--beige-printed-a-line-kurta/1951404/buy,Printed A-Line Kurta,815,1599
AKS,kurtas/aks/aks-women-orange--yellow-printed-a-line-kurta/1945090/buy,Printed A-Line Kurta,749,1499
AKS,kurtas/aks/aks-women-blue--white-printed-layered-anarkali-kurta/2095524/buy,Printed Layered Anarkali Kurta,989,2199
AKS,kurtas/aks/aks-women-pink-printed-layered-a-line-kurta/2095086/buy,Layered A-Line Kurta,849,1699
AKS,kurtas/aks/aks-women-multicoloured-printed-straight-kurta/2095046/buy,Straight Kurta,599,999
AKS,kurtas/aks/aks-women-beige--blue-printed-a-line-kurta/2095014/buy,A-Line Kurta,749,1499
AKS,kurtas/aks/aks-women-green--pink-printed-angrakha-anarkali-kurta/2024454/buy,Angrakha Anarkali Kurta,949,1899
AKS,kurtas/aks/aks-women-white--black-printed-straight-kurta/2024461/buy,Printed Straight Kurta,599,799
AKS,kurtas/aks/aks-women-blue-printed-straight-kurta/1945088/buy,Printed Straight Kurta,699,999
AKS,kurtas/aks/aks-women-navy--off-white-printed-straight-kurta/2463738/buy,Printed Straight Kurta,824,1099
AKS,kurtas/aks/aks-women-beige-embroidered-detail-straight-kurta/2167395/buy,Embroidered Straight Kurta,649,1299
AKS,kurtas/aks/aks-women-mustard-yellow-printed-straight-kurta/2448874/buy,Printed Straight Kurta,599,999
AKS,kurtas/aks/aks-women-grey-solid-straight-kurta/2111368/buy,Solid Straight Kurta,649,1299
AKS,kurtas/aks/aks-women-blue--white-printed-anarkali-kurta/2262291/buy,Printed Anarkali Kurta,849,1699
AKS,kurtas/aks/aks-women-maroon-solid-anarkali-kurta/2262325/buy,Solid Anarkali Kurta,749,1499
AKS,kurtas/aks/aks-women-mustard-yellow--black-checked-straight-kurta/2024433/buy,Checked Straight Kurta,599,1199
AKS,kurtas/aks/aks-women-peach-coloured-embroidered-straight-kurta/1945059/buy,Embroidered Straight Kurta,599,999
AKS,kurtas/aks/aks-women-blue--beige-printed-a-line-kurta/2250033/buy,Printed A-Line Kurta,649,1299
AKS,kurtas/aks/aks-women-mustard-yellow-embroidered-straight-kurta/1945063/buy,Embroidered Straight Kurta,749,1499
AKS,kurtas/aks/aks-women-yellow-yoke-design-straight-kurta/2249979/buy,Yoke Design Straight Kurta,699,999
AKS,kurtas/aks/aks-women-green-solid-a-line-kurta/1951414/buy,Solid A-Line Kurta,649,1299
AKS,kurtas/aks/aks-women-blue--white-printed-a-line-kurta/2463736/buy,Printed A-Line Kurta,1049,1499
AKS,kurtas/aks/aks-women-maroon--beige-kalamkari-print-straight-kurta-with-ethnic-jacket/2024423/buy,Printed Straight Kurta,1099,2199
AKS,kurtas/aks/aks-women-magenta-yoke-design-silk-a-line-kurta/2167356/buy,Yoke Design A-Line Kurta,649,1299
AKS,kurtas/aks/aks-women-cream-coloured--red-printed-a-line-kurta/1945105/buy,Printed A-Line Kurta,824,1499
AKS,kurtas/aks/aks-women-taupe-solid-straight-kurta/1945054/buy,Solid Straight Kurta,629,899
AKS,kurtas/aks/aks-women-beige--brown-printed-anarkali-kurta/2095520/buy,Printed Anarkali Kurta,849,1699
AKS,kurtas/aks/aks-women-grey-solid-anarkali-kurta/1945112/buy,Solid Anarkali Kurta,749,1499
AKS,kurtas/aks/aks-women-red-solid-straight-kurta/2448857/buy,Solid Straight Kurta,659,1099
AKS,kurtas/aks/aks-women-navy--green-printed-straight-kurta/2262280/buy,Printed Straight Kurta,699,999
AKS,kurtas/aks/aks-women-black-kalamkari-print-detail-angrakha-style-straight-kurta/2448858/buy,Angrakha Style Straight Kurta,599,999
AKS,kurtas/aks/aks-women-magenta-solid-straight-kurta/2262336/buy,Solid Straight Kurta,599,1199
AKS,kurtas/aks/aks-women-navy-blue-floral-print-straight-kurta/2024424/buy,Floral Print Straight Kurta,699,999
AKS,kurtas/aks/aks-women-brown--beige-printed-straight-kurta/2448873/buy,Printed Straight Kurta,719,1199
AKS,kurtas/aks/aks-women-red--white-printed-straight-kurta/2448851/buy,Printed Straight Kurta,659,1099
AKS,kurtas/aks/aks-women-peach-coloured-solid-a-line-kurta/2448952/buy,Solid A-Line Kurta,844,1299
AKS,kurtas/aks/aks-women-cream-coloured--black-printed-anarkali-kurta/2167390/buy,Printed Anarkali Kurta,854,1899
AKS,kurtas/aks/aks-women-black-printed-detail-a-line-kurta/2095431/buy,Printed Detail A-Line Kurta,799,1599
AKS,kurtas/aks/aks-women-peach-coloured--green-floral-print-off-shoulder-straight-kurta/2111409/buy,Off-Shoulder Straight Kurta,629,899
AKS,kurtas/aks/aks-women-grey--pink-printed-straight-kurta/1945056/buy,Printed Straight Kurta,604,1099
AKS,kurtas/aks/aks-women-mustard-yellow--purple-printed-a-line-kurta/2024419/buy,Printed A-Line Kurta,649,1299
AKS,kurtas/aks/aks-women-brown-printed-anarkali-kurta/2167384/buy,Printed Anarkali Kurta,799,1599
AKS,kurtas/aks/aks-women-orange-floral-print-angrakha-anarkali-kurta/2111386/buy,Printed Anarkali Kurta,809,1799
AKS,kurtas/aks/aks-women-white--pink-printed-anarkali-kurta/2250059/buy,Printed Anarkali Kurta,649,1299
AKS,kurtas/aks/aks-women-navy--red-printed-layered-a-line-kurta/2250042/buy,Printed Layered A-Line Kurta,749,1499
AKS,kurtas/aks/aks-women-blue--rust-orange-printed-a-line-kurta/2024470/buy,Printed A-Line Kurta,649,1299
AKS,kurtas/aks/aks-women-black-woven-design-straight-kurta/2448881/buy,Woven Design Straight Kurta,599,999
AKS,kurtas/aks/aks-women-magenta--white-printed-anarkali-kurta/2095501/buy,Printed Anarkali Kurta,815,1599
AKS,kurtas/aks/aks-women-maroon-solid-straight-kurta/2448950/buy,Solid Straight Kurta,629,899
AKS,kurtas/aks/aks-women-mustard-yellow-solid-fringed-straight-kurta/2111516/buy,Solid Straight Kurta,714,1299
AKS,kurtas/aks/aks-women-rust-red--black-printed-anarkali-kurta/2448908/buy,Printed Anarkali Kurta,909,1299
AKS,kurtas/aks/aks-women-blue-solid-cold-shoulder-kurta/2095538/buy,Women Cold Shoulder Kurta,599,799
AKS,kurtas/aks/aks-women-black--beige-printed-anarkali-kurta/2127700/buy,Printed Anarkali Kurta,849,1699
AKS,kurtas/aks/aks-women-off-white-embroidered-detail-a-line-kurta/1945062/buy,Embroidered A-Line Kurta,749,1499
AKS,kurtas/aks/aks-women-white--blue-striped-straight-kurta/2382500/buy,Striped Straight Kurta,899,1199
AKS,kurtas/aks/aks-women-beige--red-printed-straight-kurta/2127702/buy,Printed Straight Kurta,699,999
AKS,kurtas/aks/aks-women-cream-coloured--pink-printed-straight-kurta/2250070/buy,Printed Straight Kurta,604,1099
AKS,kurtas/aks/aks-women-blue-ethnic-print-a-line-kurta/2382501/buy,Ethnic Print A-Line Kurta,749,1499
AKS,kurtas/aks/aks-women-off-white-solid-anarkali-kurta/1945111/buy,Solid Anarkali Kurta,749,1499
AKS,kurtas/aks/aks-women-mustard-yellow-solid-straight-kurta/2448879/buy,Solid Straight Kurta,779,1299
AKS,kurtas/aks/aks-women-maroon--grey-printed-layered-a-line-kurta/2095565/buy,Printed Layered A-Line Kurta,1044,1899
AKS,kurtas/aks/aks-women-red--beige-printed-anarkali-kurta/2250041/buy,Printed Anarkali Kurta,815,1599
AKS,kurtas/aks/aks-women-yellow-solid-crepe-straight-kurta/2095518/buy,Solid Crepe Straight Kurta,699,999
AKS,kurtas/aks/aks-women-navy-georgette-a-line-kurta/2095550/buy,Women A-Line Kurta,809,1799
AKS,kurtas/aks/aks-women-cream-printed-straight-kurta/2094962/buy,Printed Straight Kurta,649,999
AKS,kurtas/aks/aks-women-yellow-printed-straight-kurta/2250069/buy,Printed Straight Kurta,649,1299
AKS,kurtas/aks/aks-women-blue--off-white-printed-straight-kurta/1951406/buy,Printed Straight Kurta,649,1299
AKS,kurtas/aks/aks-women-olive-green--navy-blue-printed-anarkali-kurta/2262287/buy,Printed Anarkali Kurta,749,1499
AKS,kurtas/aks/aks-black--beige-printed-anarkali-kurta/2082279/buy,Anarkali Kurta,799,1599
AKS,kurtas/aks/aks-women-yellow-solid-anarkali-kurta/2095442/buy,A-Line Kurta,809,1799
AKS,kurtas/aks/aks-women-mustard-yellow-printed-angrakha-style-straight-kurta/2167351/buy,Yoke Angrakha-Style Kurta,815,1599
AKS,kurtas/aks/aks-women-navy-printed-tiered-anarkali-kurta/2167334/buy,Printed Anarkali Kurta,899,1799
AKS,kurtas/aks/aks-women-coral-pink--white-floral-print-a-line-kurta/2287440/buy,Floral Print A-Line Kurta,799,1599
AKS,kurtas/aks/aks-women-green-solid-straight-kurta/2127693/buy,Solid Straight Kurta,599,799
AKS,kurtas/aks/aks-women-brown--mustard-yellow-printed-anarkali-kurta/2287434/buy,Printed Anarkali Kurta,849,1699
AKS,kurtas/aks/aks-women-pink-yoke-design-anarkali-kurta/2448902/buy,Yoke Design Anarkali Kurta,909,1299
AKS,kurtas/aks/aks-women-magenta-straight-kurta-with-printed-detail/2094959/buy,Kurta with Printed Detail,559,699
AKS,kurtas/aks/aks-women-yellow--green-striped-a-line-kurta/1945109/buy,Striped A-Line Kurta,815,1599
AKS,kurtas/aks/aks-women-black--mustard-yellow-printed-straight-kurta/2448861/buy,Printed Straight Kurta,659,1099
AKS,kurtas/aks/aks-women-red--beige-printed-a-line-kurta/2095532/buy,Printed A-Line Kurta,749,1499
AKS,kurtas/aks/aks-women-yellow--pink-printed-a-line-kurta/2250056/buy,Printed A-Line Kurta,749,1499
AKS,kurtas/aks/aks-women-blue--white-printed-a-line-kurta/2095531/buy,Printed A-Line Kurta,674,1499
AKS,kurtas/aks/aks-women-mustard-yellow--maroon-printed-a-line-kurta/2250032/buy,Printed A-Line Kurta,815,1599
AKS,kurtas/aks/aks-women-blue--white-printed-a-line-kurta/2448896/buy,Printed A-Line Kurta,909,1299
AKS,kurtas/aks/aks-women-navy--brown-printed-straight-kurta/1945089/buy,Printed Straight Kurta,599,799
AKS,kurtas/aks/aks-women-black--yellow-printed-a-line-kurta/1945103/buy,Printed A-Line Kurta,649,1299
AKS,kurtas/aks/aks-women-brown--peach-coloured-printed-a-line-kurta/2095044/buy,Printed A-Line Kurta,649,1299
AKS,kurtas/aks/aks-women-red--blue-printed-anarkali-kurta/1945094/buy,Printed Anarkali Kurta,799,1599
AKS,kurtas/aks/aks-women-cream--green-printed-anarkali-kurta/2095454/buy,Printed Anarkali Kurta,815,1599
AKS,kurtas/aks/aks-women-navy-blue-self-striped-straight-kurta/2024432/buy,Self-Striped Straight Kurta,604,1099
AKS,kurtas/aks/aks-women-pink-printed-a-line-kurta/2095006/buy,Printed A-Line Kurta,699,999
AKS,kurtas/aks/aks-women-olive-green--red-printed-a-line-kurta/2024451/buy,Printed A-Line Kurta,749,1499
AKS,kurtas/aks/aks-women-mustard-yellow-yoke-design-straight-kurta/2262332/buy,Yoke Design Straight Kurta,649,1299
AKS,kurtas/aks/aks-women-mustard-yellow-fringed-straight-kurta/2111517/buy,Fringed Straight Kurta,649,1299
AKS,kurtas/aks/aks-women-navy-blue-straight-kurta/1951415/buy,Straight Kurta,629,899
AKS,kurtas/aks/aks-red-printed-cold-shoulder-kurta/2082380/buy,Printed Cold Shoulder Kurta,604,1099
AKS,kurtas/aks/aks-women-beige-printed-anarkali-kurta/1945076/buy,Printed Anarkali Kurta,799,1599
AKS,kurtas/aks/aks-women-mustard-yellow-printed-anarkali-kurta/2024452/buy,Printed Anarkali Kurta,809,1799
AKS,kurtas/aks/aks-women-green-floral-khari-print-anarkali-kurta/2382487/buy,Khari Print Anarkali Kurta,749,1499
AKS,kurtas/aks/aks-women-beige--red-printed-a-line-kurta/1629135/buy,Cotton A-Line Kurta,1359,1599
AKS,kurtas/aks/aks-women-navy--cream-coloured-yoke-design-straight-kurta/2249969/buy,Yoke Design Straight Kurta,604,1099
AKS,kurtas/aks/aks-women-red-solid-straight-kurta/2094957/buy,Straight Kurta,674,899
AKS,kurtas/aks/aks-women-green-anarkali-kurta/2111417/buy,Anarkali Kurta,854,1899
AKS,kurtas/aks/aks-women-pink-printed-angrakha-style-straight-kurta/2167353/buy,Angrakha-Style Kurta,815,1599
AKS,kurtas/aks/aks-women-black--beige-printed-anarkali-kurta/2095460/buy,Anarkali Kurta,815,1599
AKS,kurtas/aks/aks-women-navy-blue--white-printed-anarkali-kurta/1951405/buy,Printed Anarkali Kurta,809,1799
AKS,kurtas/aks/aks-women-white--pink-printed-anarkali-kurta/2095000/buy,Anarkali Kurta,849,1699
AKS,kurtas/aks/aks-women-mustard-yellow--blue-printed-a-line-kurta-with-ethnic-jacket/2250062/buy,Printed A-Line Kurta,749,1499
AKS,kurtas/aks/aks-women-beige--navy-printed-layered-a-line-kurta/2094981/buy,Layered A-Line Kurta,799,1599
AKS,kurtas/aks/aks-women-blue--white-printed-a-line-kurta/2127712/buy,Printed A-Line Kurta,749,1499
AKS,kurtas/aks/aks-women-blue--white-printed-anarkali-kurta/2463741/buy,Printed Anarkali Kurta,1999,2499
AKS,kurtas/aks/aks-women-green-printed-anarkali-kurta/2167382/buy,Printed Anarkali Kurta,815,1599
AKS,kurtas/aks/aks-women-navy--off-white-printed-straight-kurta/2463744/buy,Printed Straight Kurta,824,1099
AKS,kurtas/aks/aks-women-black--white-printed-anarkali-kurta/2448901/buy,Printed Anarkali Kurta,764,1499
AKS,kurtas/aks/aks-women-black-woven-design-a-line-kurta/2262301/buy,Woven Design A-Line Kurta,799,1599
AKS,kurtas/aks/aks-women-pink--yellow-printed-anarkali-kurta/2111391/buy,Printed Anarkali Kurta,809,1799
AKS,kurtas/aks/aks-women-red--black-printed-layered-straight-kurta/2262292/buy,Printed Layered Straight Kurta,899,1999
AKS,kurtas/aks/aks-women-red--off-white-printed-anarkali-kurta/2024444/buy,Printed Anarkali Kurta,749,1499
AKS,kurtas/aks/aks-women-multicoloured-woven-design-a-line-kurta/2249977/buy,Woven Design A-Line Kurta,749,1499
AKS,kurtas/aks/aks-women-coffee-brown--off-white-printed-a-line-kurta/2250050/buy,Printed A-Line Kurta,809,1799
AKS,kurtas/aks/aks-women-maroon-solid-a-line-kurta/2167350/buy,Solid A-Line Kurta,749,1499
AKS,kurtas/aks/aks-women-mustard-yellow-printed-straight-kurta/2287435/buy,Printed Straight Kurta,649,1299
AKS,kurtas/aks/aks-women-green-embroidered-straight-kurta/2167400/buy,Embroidered Straight Kurta,749,1499
AKS,kurtas/aks/aks-women-blue--green-printed-a-line-kurta/2111380/buy,Printed A-Line Kurta,749,1499
AKS,kurtas/aks/aks-women-navy-blue--white-printed-straight-kurta/2463734/buy,Printed Straight Kurta,824,1099
AKS,kurtas/aks/aks-women-grey-solid-straight-kurta/2262328/buy,Solid Straight Kurta,599,1199
AKS,kurtas/aks/aks-women-mustard-yellow--orange-printed-a-line-kurta/2448849/buy,Printed A-Line Kurta,659,1099
AKS,kurtas/aks/aks-women-black-floral-print-a-line-kurta/2111423/buy,Floral Print A-Line Kurta,989,2199
AKS,kurtas/aks/aks-women-white-solid-a-line-kurta/1951411/buy,Solid A-Line Kurta,649,1299
AKS,kurtas/aks/aks-women-navy-blue-solid-straight-kurta/2448944/buy,Solid Straight Kurta,659,1099
AKS,kurtas/aks/aks-women-black--off-white-printed-anarkali-kurta/2493398/buy,Printed Anarkali Kurta,1049,1499
AKS,kurtas/aks/aks-women-peach-coloured-solid-straight-kurta/2250075/buy,Solid Straight Kurta,599,1199
AKS,kurtas/aks/aks-women-green-solid-anarkali-kurta/2250043/buy,Solid Anarkali Kurta,749,1499
AKS,kurtas/aks/aks-women-blue--orange-printed-anarkali-kurta/2095091/buy,Anarkali Kurta,749,1499
AKS,kurtas/aks/aks-women-beige--red-printed-a-line-kurta/2111370/buy,Printed A-Line Kurta,749,1499
AKS,kurtas/aks/aks-beige-printed-anarkali-kurta/2095491/buy,Printed Anarkali Kurta,815,1599
AKS,kurtas/aks/aks-women-off-white--grey-striped-a-line-kurta/2167360/buy,Striped A-Line Kurta,649,1299
AKS,kurtas/aks/aks-women-blue--white-woven-design-a-line-kurta/2448900/buy,Woven Design A-Line Kurta,1019,1699
AKS,kurtas/aks/aks-women-brown-linen-straight-kurta/2095476/buy,Straight Kurta,629,899
AKS,kurtas/aks/aks-women-mustard-yellow--black-printed-straight-kurta/2287438/buy,Printed Straight Kurta,519,1299
AKS,kurtas/aks/aks-women-black-printed-anarkali-kurta/2095493/buy,Printed Anarkali Kurta,809,1799
AKS,kurtas/aks/aks-women-pink--green-printed-layered-a-line-kurta/2095512/buy,Printed Layered A-Line Kurta,599,999
AKS,kurtas/aks/aks-women-orange-printed-anarkali-kurta/2167331/buy,Printed Anarkali Kurta,899,1799
AKS,kurtas/aks/aks-women-yellow-patterned-anarkali-kurta/2382478/buy,Patterned Anarkali Kurta,999,1999
AKS,kurtas/aks/aks-women-red-printed-anarkali-kurta/2095093/buy,Anarkali Kurta,749,1499
AKS,kurtas/aks/aks-women-white--grey-printed-a-line-kurta/2448935/buy,Printed A-Line Kurta,909,1299
AKS,kurtas/aks/aks-white--navy-printed-anarkali-kurta/2082343/buy,Printed Anarkali Kurta,604,1099
AKS,kurtas/aks/aks-women-peach-coloured-straight-kurta-with-embroidered-jacket/2111527/buy,Solid Straight Kurta,1524,2499
AKS,kurtas/aks/aks-women-yellow--pink-printed-anarkali-kurta/2111384/buy,Printed Anarkali Kurta,719,1599
AKS,kurtas/aks/aks-women-white--navy-printed-straight-kurta/2082344/buy,Printed Straight Kurta,699,999
AKS,kurtas/aks/aks-women-navy-blue-solid-straight-kurta/1945061/buy,Solid Straight Kurta,604,1099
AKS,kurtas/aks/aks-women-black--maroon-printed-anarkali-kurta/2287436/buy,Printed Anarkali Kurta,849,1699
AKS,kurtas/aks/aks-women-grey--pink-printed-straight-kurta/1945055/buy,Printed Straight Kurta,604,1099
AKS,kurtas/aks/aks-women-blue--off-white-printed-a-line-kurta/2249994/buy,Printed A-Line Kurta,604,1099
AKS,kurtas/aks/aks-women-pink--green-printed-anarkali-kurta/1951420/buy,Printed Anarkali Kurta,849,1699
AKS,kurtas/aks/aks-women-maroon-solid-straight-kurta/1951410/buy,Solid Straight Kurta,599,999
AKS,kurtas/aks/aks-women-pink--green-yoke-design-anarkali-kurta/2082396/buy,Yoke Design Anarkali Kurta,815,1599
AKS,kurtas/aks/aks-women-mustard--rust-printed-anarkali-kurta/1975472/buy,Printed Anarkali Kurta,809,1799
AKS,kurtas/aks/aks-women-beige-yoke-design-a-line-kurta/2262304/buy,Yoke Design A-Line Kurta,649,1299
AKS,kurtas/aks/aks-women-navy-floral-print-anarkali-kurta/2082413/buy,Printed Anarkali Kurta,764,1699
AKS,kurtas/aks/aks-women-navy--off-white-printed-a-line-kurta/2095462/buy,Printed A-Line Kurta,815,1599
AKS,kurtas/aks/aks-women-black-solid-a-line-kurta/2082308/buy,Solid A-Line Kurta,519,1299
AKS,kurtas/aks/aks-women-beige--red-printed-a-line-kurta/2095027/buy,A-Line Kurta,849,1699
AKS,kurtas/aks/aks-women-coral-pink-printed-detail-anarkali-kurta/2167346/buy,Printed Anarkali Kurta,815,1599
AKS,kurtas/aks/aks-women-navy-printed-layered-straight-kurta/2167336/buy,Printed Layered Straight Kurta,799,1599
AKS,kurtas/aks/aks-women-red--black-yoke-design-anarkali-kurta/2082425/buy,Yoke Design Anarkali Kurta,649,1299
AKS,kurtas/aks/aks-women-black--red-printed-anarkali-kurta/2127703/buy,Printed Anarkali Kurta,815,1599
AKS,kurtas/aks/aks-women-cream-coloured--green-printed-a-line-kurta/2262303/buy,Printed A-Line Kurta,719,1799
AKS,kurtas/aks/aks-women-black-solid-straight-kurta/2095549/buy,Women Solid Straight Kurta,599,799
AKS,kurtas/aks/aks-pink-printed-kurta/2082379/buy,Printed Kurta,604,1099
AKS,kurtas/aks/aks-women-multicoloured-printed-cold-shoulder-straight-kurta/2095057/buy,Cold-Shoulder Straight Kurta,699,999
AKS,kurtas/aks/aks-women-blue-tie-dye-anarkali-kurta/2095418/buy,Tie-Dye Anarkali Kurta,899,1799
AKS,kurtas/aks/aks-women-blue-printed-anarkali-kurta/2095570/buy,Printed Anarkali Kurta,849,1699
AKS,kurtas/aks/aks-women-navy--white-printed-tiered-anarkali-kurta/1951417/buy,Printed Tiered Anarkali Kurta,809,1799
AKS,kurtas/aks/aks-women-blue-printed-anarkali-kurta/2082311/buy,Printed Anarkali Kurta,799,1599
AKS,kurtas/aks/aks-women-blue--white-printed-angrakha-anarkali-kurta/2095505/buy,Printed Angrakha Kurta,809,1799
AKS,kurtas/aks/aks-women-white--black-printed-crepe-straight-layered-kurta/2082417/buy,Women Printed Layered Kurta,749,1499
AKS,kurtas/aks/aks-women-navy-solid-a-line-kurta/2095105/buy,A-Line Kurta,439,1099
AKS,kurtas/aks/aks-women-cream-coloured-printed-detail-a-line-kurta/2095074/buy,Printed Detail A-Line Kurta,749,1499
AKS,kurtas/aks/aks-women-navy--yellow-printed-straight-kurta/2095009/buy,Straight Kurta,649,999
AKS,kurtas/aks/aks-women-magenta-solid-straight-kurta/2250068/buy,Solid Straight Kurta,599,999
AKS,kurtas/aks/aks-women-black-straight-kurta-with-printed-detail/2094965/buy,Kurta with Printed Detail,649,1299
AKS,kurtas/aks/aks-women-burgundy-solid-off-shoulder-straight-kurta/2095555/buy,Straight Kurta,559,799
AKS,kurtas/aks/aks-women-navy-printed-anarkali-kurta/2095414/buy,Printed Anarkali Kurta,714,1299
AKS,kurtas/aks/aks-women-orange--grey-printed-layered-anarkali-kurta/2095522/buy,Printed Anarkali Kurta,1209,2199
AKS,kurtas/aks/aks-women-mustard-yellow-kalamkari-print-anarkali-kurta/1797581/buy,Kalamkari Print Anarkali Kurta,1199,1599
AKS,kurtas/aks/aks-women-blue-printed-a-line-kurta/1798062/buy,A-Line Kurta,879,1099
AKS,kurtas/aks/aks-women-blue--off-white-checked-anarkali-kurta/1945086/buy,Checked Anarkali Kurta,749,1499
AKS,kurtas/aks/aks-women-black--maroon-printed-anarkali-kurta/2024426/buy,Printed Anarkali Kurta,849,1699
AKS,kurtas/aks/aks-women-blue-printed-anarkali-kurta/1841594/buy,Anarkali Kurta,1359,1599
AKS,kurtas/aks/aks-women-mustard-brown-solid-straight-kurta/2095004/buy,Straight Kurta,674,899
AKS,kurtas/aks/aks-women-navy--white-printed-straight-kurta/2448847/buy,Printed Straight Kurta,659,1099
AKS,kurtas/aks/aks-women-beige--green-striped-anarkali-kurta/2095036/buy,Striped Anarkali Kurta,749,1499
AKS,kurtas/aks/aks-blue--red-printed-anarkali-kurta/2082356/buy,Printed Anarkali Kurta,799,1599
AKS,kurtas/aks/aks-women-green--navy-printed-anarkali-kurta/2262312/buy,Printed Anarkali Kurta,849,1699
AKS,kurtas/aks/aks-women-navy-printed-a-line-kurta/2111376/buy,Printed A-Line Kurta,799,1599
AKS,kurtas/aks/aks-navy-printed-anarkali-kurta/1281382/buy,Printed Anarkali Kurta,1124,1499
AKS,kurtas/aks/aks-women-blue-printed-anarkali-kurta/2111399/buy,Printed Anarkali Kurta,849,1699
AKS,kurtas/aks/aks-women-yellow-solid-crepe-straight-kurta/1675994/buy,Crepe Straight Kurta,809,899
AKS,kurtas/aks/aks-women-pink-solid-crepe-straight-kurta/2095545/buy,Solid Crepe Straight Kurta,599,799
AKS,kurtas/aks/aks-women-blue-printed-a-line-kurta/1797588/buy,Printed A-Line Kurta,1199,1599
