Anouk,kurtas/anouk/anouk-women-pink-printed-a-line-kurta/2323065/buy,Printed A-Line Kurta,1139,1899
Anouk,kurtas/anouk/anouk-women-white--coral-pink-striped-straight-kurta/2322960/buy,Striped Straight Kurta,1359,1699
Anouk,kurtas/anouk/anouk-women-blue-printed-a-line-off-shoulder-kurta/2322823/buy,Printed A-Line Kurta,1079,1799
Anouk,kurtas/anouk/anouk-women-red-genda-phul-collection-chanderi-blend-kurta/2323262/buy,Genda Phul Collection Kurta,1499,2499
Anouk,kurtas/anouk/anouk-women-green-embroidered-a-line-kurta/2135023/buy,Embroidered A-Line Kurta,1199,1999
Anouk,kurtas/anouk/anouk-women-red-printed-a-line-fusion-kurta/1926944/buy,Printed A-Line Fusion Kurta,949,1899
Anouk,kurtas/anouk/anouk-women-navy--white-printed-a-line-kurta/1786192/buy,Printed Kurta,599,999
Anouk,kurtas/anouk/anouk-women-mustard-yellow--black-printed-a-line-kurta/2291758/buy,Printed A-Line Kurta,979,1399
Anouk,kurtas/anouk/anouk-women-mustard-yellow-printed-a-line-kurta/2322775/buy,Printed A-Line Kurta,1224,1749
Anouk,kurtas/anouk/anouk-women-mustard-yellow--black-printed-a-line-fusion-kurta/1708252/buy,Printed A-line Fusion Kurta,1119,1399
Anouk,kurtas/anouk/anouk-women-navy-blue-woven-checked-straight-kurta/1707755/buy,Checked Straight Kurta,1039,1299
Anouk,kurtas/anouk/anouk-women-black--off-white-printed-a-line-kurta/2294512/buy,Printed A-Line Kurta,999,1999
Anouk,kurtas/anouk/anouk-women-black-woven-design-a-line-kurta/2322862/buy,Woven Design A-Line Kurta,1139,1899
Anouk,kurtas/anouk/anouk-women-mustard-yellow--red-printed-anarkali-kurta/2294487/buy,Printed Anarkali Kurta,1249,2499
Anouk,kurtas/anouk/anouk-women-black--red-printed-a-line-kurta/2322812/buy,Printed A-Line Kurta,1079,1799
Anouk,kurtas/anouk/anouk-women-blue-printed-a-line-kurta/2322926/buy,Printed A-Line Kurta,959,1599
Anouk,kurtas/anouk/anouk-women-navy-printed-a-line-layered-kurta/1786263/buy,Printed A-Line Layered Kurta,899,1499
Anouk,kurtas/anouk/anouk-women-multicoloured-printed-a-line-fusion-kurta/2322977/buy,Printed A-Line Fusion Kurta,1519,1899
Anouk,kurtas/anouk/anouk-women-black-solid-straight-kurta/2323184/buy,Solid Straight Kurta,1329,1899
Anouk,kurtas/anouk/anouk-women-pink-printed-anarkali-kurta/2322953/buy,Women Printed Anarkali Kurta,749,1499
Anouk,kurtas/anouk/anouk-women-navy-blue--pink-printed-straight-kurta/2294510/buy,Printed Straight Kurta,1049,2099
Anouk,kurtas/anouk/anouk-women-yellow--off-white-printed-a-line-kurta/2323064/buy,Printed A-Line Kurta,1139,1899
Anouk,kurtas/anouk/anouk-women-green-yoke-design-a-line-kurta/2323009/buy,Yoke Design A-Line Kurta,849,1699
Anouk,kurtas/anouk/anouk-women-navy-blue-woven-design-straight-kurta/2370095/buy,Woven Design Straight Kurta,1199,1499
Anouk,kurtas/anouk/anouk-women-black-embroidered-a-line-kurta/2135020/buy,Embroidered A-Line Kurta,999,1999
Anouk,kurtas/anouk/anouk-women-green-jacquard-anarkali-kurta/1779351/buy,Jacquard Anarkali Kurta,899,1499
Anouk,kurtas/anouk/anouk-women-pink-jacquard-woven-empire-line-flared-kurta/1779345/buy,Empire-Line Flared Kurta,749,1499
Anouk,kurtas/anouk/anouk-women-navy-blue-printed-a-line-kurta/2323014/buy,Printed A-Line Kurta,949,1899
Anouk,kurtas/anouk/anouk-women-beige--brown-printed-a-line-kurta/2322778/buy,Printed A-Line Kurta,1139,1899
Anouk,kurtas/anouk/anouk-women-off-white--red-printed-a-line-kurta/2323083/buy,Printed A-Line Kurta,759,1899
Anouk,kurtas/anouk/anouk-women-pink-printed-straight-kurta/2323239/buy,Printed Straight Kurta,1119,1599
Anouk,kurtas/anouk/anouk-women-red--off-white-printed-a-line-kurta/2294492/buy,Printed A-Line Kurta,1249,2499
Anouk,kurtas/anouk/anouk-women-multicoloured-printed-a-line-kurta/2370025/buy,Printed A-Line Kurta,1379,2299
Anouk,kurtas/anouk/anouk-women-grey--mustard-yellow-printed-a-line-kurta/2323139/buy,Printed A-Line Kurta,1519,1899
Anouk,kurtas/anouk/anouk-women-white--green-printed-a-line-kurta/2135950/buy,Printed A-Line Kurta,759,1899
Anouk,kurtas/anouk/anouk-women-black--grey-printed-straight-south-handloom-kurta/2294501/buy,Printed Straight Kurta,799,1999
Anouk,kurtas/anouk/anouk-women-black-yoke-design-a-line-kurta/2323022/buy,Yoke Design A-Line Kurta,679,1699
Anouk,kurtas/anouk/anouk-women-green-jacquard-anarkali-kurta/1779349/buy,Jacquard Anarkali Kurta,749,1499
Anouk,kurtas/anouk/anouk-women-orange-striped-a-line-kurta/2322753/buy,Striped A-Line Kurta,759,1899
Anouk,kurtas/anouk/anouk-women-blue--pink-printed-a-line-kurta/2322961/buy,Printed A-Line Kurta,1359,1699
Anouk,kurtas/anouk/anouk-women-blue--white-printed-anarkali-kurta/2323220/buy,Printed Anarkali Kurta,949,1899
Anouk,kurtas/anouk/anouk-women-blue--green-printed-straight-kurta/2323149/buy,Printed Straight Kurta,679,1699
Anouk,kurtas/anouk/anouk-women-navy-blue-printed-a-line-kurta/2323016/buy,Printed A-Line Kurta,949,1899
Anouk,kurtas/anouk/anouk-women-mustard-yellow-yoke-design-a-line-kurta/2323008/buy,Yoke Design A-Line Kurta,849,1699
Anouk,kurtas/anouk/anouk-women-green-printed-a-line-kurta/2322773/buy,Printed A-Line Kurta,1109,1849
Anouk,kurtas/anouk/anouk-women-multicoloured-printed-straight-kurta/2294485/buy,Printed Straight Kurta,849,1699
Anouk,kurtas/anouk/anouk-women-black-solid-a-line-kurta/2370075/buy,Solid A-Line Kurta,599,1199
Anouk,kurtas/anouk/anouk-women-blue--red-printed-a-line-kurta/2370022/buy,Printed A-Line Kurta,1149,2299
Anouk,kurtas/anouk/anouk-women-blue--red-printed-straight-kurta/2323128/buy,Women Printed Straight Kurta,759,1899
Anouk,kurtas/anouk/anouk-women-multicoloured-printed-high-low-kurta/2323107/buy,Printed High-Low Kurta,949,1899
Anouk,kurtas/anouk/anouk-women-mustard-yellow-printed-a-line-kurta/2370056/buy,Printed A-Line Kurta,979,1399
Anouk,kurtas/anouk/anouk-women-grey--green-printed-angrakha-anarkali-kurta/2294499/buy,Printed Anarkali Kurta,1099,2199
Anouk,kurtas/anouk/anouk-women-mustard--red-printed-a-line-kurta/2323164/buy,Women Printed A-Line Kurta,679,1699
Anouk,kurtas/anouk/anouk-women-pink--white-printed-a-line-kurta/2323156/buy,Printed A-Line Kurta,1139,1899
Anouk,kurtas/anouk/anouk-women-blue--white-printed-a-line-kurta/2323242/buy,Printed A-Line Kurta,639,1599
Anouk,kurtas/anouk/anouk-women-green-printed-a-line-kurta/2323020/buy,Printed A-Line Kurta,1019,1699
Anouk,kurtas/anouk/anouk-women-navy-blue-printed-a-line-kurta/2323229/buy,Printed A-Line Kurta,929,1549
Anouk,kurtas/anouk/anouk-women-pink-yoke-design-a-line-kurta/2323210/buy,Yoke Design A-Line Kurta,1079,1799
Anouk,kurtas/anouk/anouk-women-blue-printed-a-line-kurta/2323173/buy,Printed A-Line Kurta,1139,1899
Anouk,kurtas/anouk/anouk-women-mustard-yellow-printed-a-line-kurta/2322764/buy,Printed A-Line Kurta,1139,1899
Anouk,kurtas/anouk/anouk-women-orange-printed-a-line-kurta/2322982/buy,Printed A-Line Kurta,1359,1699
Anouk,kurtas/anouk/anouk-women-black--gold-toned-printed-straight-kurta/2323142/buy,Printed Straight Kurta,1139,1899
Anouk,kurtas/anouk/anouk-women-green--blue-checked-straight-kurta/2323189/buy,Checked Straight Kurta,749,1499
Anouk,kurtas/anouk/anouk-women-rust-brown-printed-a-line-kurta/2323178/buy,Printed A-Line Kurta,1189,1699
Anouk,kurtas/anouk/anouk-women-maroon-printed-a-line-kurta/2322891/buy,Printed A-Line Kurta,1189,1699
Anouk,kurtas/anouk/anouk-women-coral-orange-printed-straight-kurta/2323260/buy,Printed Straight Kurta,1899,
Anouk,kurtas/anouk/anouk-women-navy-blue--olive-green-printed-a-line-kurta/2294497/buy,Printed A-Line Kurta,1249,2499
Anouk,kurtas/anouk/anouk-women-rust-red-yoke-design-a-line-kurta/2323029/buy,Yoke Design A-Line Kurta,749,1499
Anouk,kurtas/anouk/anouk-women-blue--grey-printed-straight-kurta/2370071/buy,Printed Straight Kurta,849,1699
Anouk,kurtas/anouk/anouk-women-purple-printed-a-line-kurta/2372236/buy,Women Printed A-Line Kurta,1119,1599
Anouk,kurtas/anouk/anouk-women-off-white-printed-a-line-kurta/2370059/buy,Printed A-Line Kurta,1259,1799
Anouk,kurtas/anouk/anouk-women-green--blue-striped-a-line-kurta/2322754/buy,Striped A-Line Kurta,949,1899
Anouk,kurtas/anouk/anouk-women-red-printed-anarkali-kurta/2372235/buy,Women Printed Anarkali Kurta,1279,1599
Anouk,kurtas/anouk/anouk-women-mustard-yellow--brown-printed-layered-a-line-kurta/2370008/buy,Printed A-Line Kurta,1079,1799
Anouk,kurtas/anouk/anouk-women-blue--rust-orange-printed-a-line-kurta/2322887/buy,Printed A-Line Kurta,959,1599
Anouk,kurtas/anouk/anouk-women-grey--magenta-printed-angrakha-kurta/2370082/buy,Printed Angrakha Kurta,719,1199
Anouk,kurtas/anouk/anouk-women-black-embroidered-a-line-kurta/2370006/buy,Embroidered A-Line Kurta,1119,1399
Anouk,kurtas/anouk/anouk-women-orange-chanderi-blend-printed-a-line-kurta/2323265/buy,Chanderi Blend A-Line Kurta,1749,2499
Anouk,kurtas/anouk/anouk-women-blue-printed-a-line-kurta-with-embroidered-detail/2323241/buy,Women Printed A-Line Kurta,1189,1699
Anouk,kurtas/anouk/anouk-women-red--white-printed-a-line-kurta/2322966/buy,Printed A-Line Kurta,1019,1699
Anouk,kurtas/anouk/anouk-women-off-white-embroidered-a-line-kurta/2012125/buy,Embroidered A-Line Kurta,639,1599
Anouk,kurtas/anouk/anouk-women-green-embroidered-straight-kurta/2322842/buy,Embroidered Straight Kurta,1519,1899
Anouk,kurtas/anouk/anouk-women-green--red-printed-a-line-kurta/2323177/buy,Printed A-Line Kurta,1019,1699
Anouk,kurtas/anouk/anouk-women-white--blue-printed-a-line-kurta/2323230/buy,Printed A-Line Kurta,599,1499
Anouk,kurtas/anouk/anouk-women-red--white-printed-fusion-kurta/2322978/buy,Printed Fusion Kurta,1359,1699
Anouk,kurtas/anouk/anouk-women-maroon--beige-printed-straight-kurta/2140523/buy,Printed Straight Kurta,759,1899
Anouk,kurtas/anouk/anouk-women-black-embroidered-straight-kurta/2323190/buy,Embroidered Straight Kurta,1049,1499
Anouk,kurtas/anouk/anouk-women-black-printed-a-line-kurta/2322963/buy,Printed A-Line Kurta,1019,1699
Anouk,kurtas/anouk/anouk-women-black-printed-a-line-kurta/2322907/buy,Printed A-Line Kurta,799,999
Anouk,kurtas/anouk/anouk-women-black--brown-printed-a-line-kurta/2323131/buy,Printed A-Line Kurta,949,1899
Anouk,kurtas/anouk/anouk-women-yellow-solid-anarkali-kurta/2194218/buy,Women  Solid Anarkali Kurta,1149,2299
Anouk,kurtas/anouk/anouk-women-white--blue-striped-a-line-kurta/2323248/buy,Striped A-Line Kurta,959,1599
Anouk,kurtas/anouk/anouk-women-pink-printed-anarkali-kurta/2323019/buy,Printed Anarkali Kurta,1019,1699
Anouk,kurtas/anouk/anouk-women-blue--grey-printed-a-line-kurta/2323246/buy,Printed A-Line Kurta,899,1499
Anouk,kurtas/anouk/anouk-women-mustard-brown-printed-a-line-kurta/2323084/buy,Printed A-Line Kurta,1139,1899
Anouk,kurtas/anouk/anouk-women-yellow-genda-phul-collection-chanderi-blend-kurta/2323261/buy,Genda Phul Collection Kurta,1499,2499
Anouk,kurtas/anouk/anouk-women-maroon-printed-a-line-kurta/2323124/buy,Printed A-Line Kurta,759,1899
Anouk,kurtas/anouk/anouk-women-pink--white-printed-a-line-kurta/2323240/buy,Printed A-Line Kurta,899,1499
Anouk,kurtas/anouk/anouk-women-blue--off-white-printed-straight-kurta/2012164/buy,Printed Straight Kurta,599,1499
Anouk,kurtas/anouk/anouk-women-brown--grey-printed-a-line-kurta/2128218/buy,Printed A-Line Kurta,999,2499
Anouk,kurtas/anouk/anouk-women-navy-blue--red-printed-a-line-kurta/2323048/buy,Printed A-Line Kurta,1329,1899
Anouk,kurtas/anouk/anouk-women-blue-printed-anarkali-kurta/2370028/buy,Printed Anarkali Kurta,1379,2299
Anouk,kurtas/anouk/anouk-women-purple--white-printed-a-line-kurta/2323238/buy,Printed A-Line Kurta,959,1599
Anouk,kurtas/anouk/anouk-women-off-white--grey-melange-striped-straight-kurta/2038913/buy,Striped Straight Kurta,759,1899
Anouk,kurtas/anouk/anouk-women-beige-genda-phul-collection-chanderi-blend-kurta/2323266/buy,Genda Phul Collection Kurta,1499,2499
Anouk,kurtas/anouk/anouk-women-red-striped-straight-kurta/2038948/buy,Striped Straight Kurta,599,1499
Anouk,kurtas/anouk/anouk-women-green-printed-anarkali-kurta/2011749/buy,Printed Anarkali Kurta,919,2299
Anouk,kurtas/anouk/anouk-women-grey--pink-printed-anarkali-kurta/2322769/buy,Printed Anarkali Kurta,1139,1899
Anouk,kurtas/anouk/anouk-women-beige--blue-printed-a-line-kurta/2370063/buy,Printed A-Line Kurta,1019,1699
Anouk,kurtas/anouk/anouk-women-multicoloured-printed-a-line-kurta/2318280/buy,Printed A-Line Kurta,959,1599
Anouk,kurtas/anouk/anouk-women-brown-printed-a-line-kurta/2322975/buy,Printed A-Line Kurta,1139,1899
Anouk,kurtas/anouk/anouk-women-maroon--blue-printed-a-line-kurta/2322737/buy,Printed A-Line Kurta,1329,1899
Anouk,kurtas/anouk/anouk-women-green-yoke-design-a-line-kurta/2012185/buy,Yoke Design A-Line Kurta,509,1699
Anouk,kurtas/anouk/anouk-women-multicoloured-printed-a-line-kurta/2012118/buy,Printed A-Line Kurta,599,1499
Anouk,kurtas/anouk/anouk-women-green-striped-a-line-kurta/2322965/buy,Women Striped A-Line Kurta,1019,1699
Anouk,kurtas/anouk/anouk-women-blue--beige-printed-high-low-kurta/2323104/buy,Printed High-Low Kurta,1139,1899
Anouk,kurtas/anouk/anouk-women-mustard-brown--beige-printed-a-line-kurta/2016830/buy,Printed A-Line Kurta,419,1399
Anouk,kurtas/anouk/anouk-women-yellow-printed-a-line-kurta/2323234/buy,Printed A-Line Kurta,599,1499
Anouk,kurtas/anouk/anouk-women-navy--beige-printed-a-line-kurta/2438879/buy,Printed A-Line Kurta,1499,2499
Anouk,kurtas/anouk/anouk-women-brown--grey-printed-anarkali-kurta/2322719/buy,Printed Anarkali Kurta,1399,1999
Anouk,kurtas/anouk/anouk-women-blue-solid-a-line-fusion-kurta/2323159/buy,Solid A-Line Fusion Kurta,759,1899
Anouk,kurtas/anouk/anouk-women-blue--white-printed-kurta/2323243/buy,Printed Kurta,1049,1499
Anouk,kurtas/anouk/anouk-women-brown-chanderi-blend-woven-design-anarkali-kurta/2323264/buy,Chanderi Blend Anarkali Kurta,1499,2499
Anouk,kurtas/anouk/anouk-women-blue-printed-a-line-kurta/2323247/buy,Kurta,599,1499
Anouk,kurtas/anouk/anouk-women-blue--green-printed-a-line-kurta/2322786/buy,Printed A-Line Kurta,1199,1999
Anouk,kurtas/anouk/anouk-women-brown-printed-a-line-kurta/2323071/buy,Printed A-Line Kurta,759,1899
Anouk,kurtas/anouk/anouk-women-black--white-striped-straight-kurta/2323102/buy,Striped Straight Kurta,1139,1899
Anouk,kurtas/anouk/anouk-women-red-printed-straight-kurta/2324842/buy,Printed Straight Kurta,874,1749
Anouk,kurtas/anouk/anouk-women-blue--off-white-checked-straight-kurta/2012157/buy,Checked Straight Kurta,599,1499
Anouk,kurtas/anouk/anouk-women-green-printed-a-line-kurta/2322739/buy,Printed A-Line Kurta,1599,1999
Anouk,kurtas/anouk/anouk-women-orange--beige-printed-a-line-kurta/2322802/buy,Printed A-Line Kurta,1294,1849
Anouk,kurtas/anouk/anouk-women-red--black-colourblocked-layered-straight-kurta/2324843/buy,Colourblocked Straight Kurta,799,1599
Anouk,kurtas/anouk/anouk-women-navy-printed-straight-kurta/2322795/buy,Printed Straight Kurta,1079,1799
Anouk,kurtas/anouk/anouk-women-blue--white-printed-a-line-kurta/2323245/buy,Printed A-Line Kurta,1049,1499
Anouk,kurtas/anouk/anouk-women-red--white-printed-a-line-kurta/2323175/buy,Printed A-Line Kurta,1329,1899
Anouk,kurtas/anouk/anouk-women-blue-dyed-a-line-kurta/2323231/buy,Dyed A-Line Kurta,1019,1699
Anouk,kurtas/anouk/anouk-women-white--black-printed-straight-kurta/2140518/buy,Printed Straight Kurta,759,1899
Anouk,kurtas/anouk/anouk-women-beige-genda-phul-collection-chanderi-blend-printed-a-line-kurta/2318275/buy,Genda Phul Printed Kurta,1799,2999
Anouk,kurtas/anouk/anouk-women-white-printed-straight-kurta/2322937/buy,Women Printed Straight Kurta,599,999
Anouk,kurtas/anouk/anouk-women-blue--white-striped-a-line-fusion-kurta/2012111/buy,Striped A-Line Fusion Kurta,639,1599
Anouk,kurtas/anouk/anouk-women-black-printed-a-line-kurta/2322958/buy,Printed A-Line Kurta,1019,1699
Anouk,kurtas/anouk/anouk-women-black-yoke-design-a-line-kurta/2323027/buy,Yoke Design A-Line Kurta,1049,1499
Anouk,kurtas/anouk/anouk-women-black-embroidered-straight-kurta/2323098/buy,Embroidered Straight Kurta,1329,1899
Anouk,kurtas/anouk/anouk-women-brown-printed-a-line-kurta/2323258/buy,Printed A-Line Kurta,2499,
Anouk,kurtas/anouk/anouk-women-navy-blue-solid-a-line-kurta/2323121/buy,Women Solid A-Line Kurta,1139,1899
Anouk,kurtas/anouk/anouk-women-black-printed-a-line-kurta/2323187/buy,Printed A-Line Kurta,1079,1799
Anouk,kurtas/anouk/anouk-women-beige--olive-green-printed-a-line-kurta/2038950/buy,Printed A-Line Kurta,679,1699
Anouk,kurtas/anouk/anouk-women-red--off-white-yoke-design-a-line-kurta/2323021/buy,Yoke Design A-Line Kurta,679,1699
Anouk,kurtas/anouk/anouk-women-navy-blue-embroidered-a-line-kurta/2012126/buy,Embroidered A-Line Kurta,639,1599
Anouk,kurtas/anouk/anouk-women-maroon--black-woven-design-a-line-kurta/2038937/buy,Woven Design A-Line Kurta,679,1699
Anouk,kurtas/anouk/anouk-women-black-printed-a-line-kurta/1999989/buy,Printed A-Line Kurta,679,1699
Anouk,kurtas/anouk/anouk-women-red-printed-a-line-kurta/1999994/buy,Printed A-Line Kurta,599,1499
Anouk,kurtas/anouk/anouk-women-yellow--peach-coloured-printed-a-line-kurta/2294495/buy,Printed A-Line Kurta,1249,2499
Anouk,kurtas/anouk/anouk-women-yellow-printed-straight-kurta/1860308/buy,Printed Straight Kurta,519,1299
Anouk,kurtas/anouk/anouk-women-navy-blue-striped-straight-kurta/2322745/buy,Striped Straight Kurta,599,1499
Anouk,kurtas/anouk/anouk-women-grey--navy-printed-a-line-kurta/2322729/buy,Printed A-Line Kurta,1199,1999
Anouk,kurtas/anouk/anouk-women-blue-printed-a-line-kurta/2322920/buy,Printed A-Line Kurta,1189,1699
Anouk,kurtas/anouk/anouk-women-burgundy-printed-straight-kurta/2012192/buy,Printed Straight Kurta,639,1599
Anouk,kurtas/anouk/anouk-women-brown--blue-printed-a-line--kurta/2322971/buy,Printed A-Line Kurta,1019,1699
Anouk,kurtas/anouk/anouk-women-red--beige-printed-anarkali-kurta/2372234/buy,Printed Anarkali Kurta,1139,1899
Anouk,kurtas/anouk/anouk-women-cream-coloured-printed-a-line-dress/2140463/buy,Women Printed A-Line Dress,759,1899
Anouk,kurtas/anouk/anouk-women-maroon-woven-design-a-line-kurta/2294505/buy,Woven Design A-Line Kurta,1099,2199
Anouk,kurtas/anouk/anouk-women-blue-printed-a-line-kurta/2322801/buy,Printed A-Line Kurta,719,1799
Anouk,kurtas/anouk/anouk-women-brown-printed-a-line-kurta/2322799/buy,Printed A-Line Kurta,719,1799
Anouk,kurtas/anouk/anouk-women-blue-printed-a-line-kurta/2135036/buy,Printed A-Line Kurta,759,1899
Anouk,kurtas/anouk/anouk-women-beige--blue-printed-a-line-kurta/2322899/buy,Printed A-Line Kurta,1019,1699
Anouk,kurtas/anouk/anouk-women-black-printed-a-line-kurta/2322956/buy,Printed A-Line Kurta,1019,1699
Anouk,kurtas/anouk/anouk-women-olive-green-printed-a-line-kurta/2322727/buy,Printed A-Line Kurta,759,1899
Anouk,kurtas/anouk/anouk-women-pink-printed-straight-kurta/2322872/buy,Printed Straight Kurta,899,1499
Anouk,kurtas/anouk/anouk-women-cream-coloured--pink-embroidered-a-line-kurta/1897460/buy,Embroidered A-Line Kurta,509,1699
Anouk,kurtas/anouk/anouk-women-black-printed-a-line-kurta/2021304/buy,Printed A-Line Kurta,999,1999
Anouk,kurtas/anouk/anouk-women-navy-blue-yoke-design-a-line-kurta/2370007/buy,Yoke Design A-Line Kurta,839,1399
Anouk,kurtas/anouk/anouk-women-off-white--black-printed-a-line-kurta/2323092/buy,Printed A-Line Kurta,1139,1899
Anouk,kurtas/anouk/anouk-women-red-embroidered-anarkali-kurta/2135025/buy,Embroidered Anarkali Kurta,899,2999
Anouk,kurtas/anouk/anouk-women-maroon--beige-printed-a-line-kurta/2323013/buy,Printed A-Line Kurta,679,1699
Anouk,kurtas/anouk/anouk-women-pink--white-checked-a-line-kurta/2323206/buy,Checked A-Line Kurta,1079,1799
Anouk,kurtas/anouk/anouk-women-white--peach-coloured-yoke-design-straight-kurta/1860317/buy,Yoke Design Straight Kurta,519,1299
Anouk,kurtas/anouk/anouk-women-maroon--black-printed-a-line-kurta/2323147/buy,Printed A-Line Kurta,949,1899
Anouk,kurtas/anouk/anouk-women-blue--green-printed-a-line-kurta/2322816/buy,Printed A-Line Kurta,1499,2499
Anouk,kurtas/anouk/anouk-women-multicoloured-printed-a-line-kurta/2370024/buy,Printed A-Line Kurta,919,2299
Anouk,kurtas/anouk/anouk-women-navy-blue--beige-yoke-design-a-line-kurta/2015846/buy,Yoke Design A-Line Kurta,599,1999
Anouk,kurtas/anouk/anouk-women-orange-printed-a-line-kurta/2322761/buy,Printed A-Line Kurta,799,1999
Anouk,kurtas/anouk/anouk-women-maroon-printed-a-line-kurta/2322765/buy,Printed A-Line Kurta,1049,1749
Anouk,kurtas/anouk/anouk-women-black--grey-checked-a-line-kurta/2128228/buy,Checked A-Line Kurta,759,1899
Anouk,kurtas/anouk/anouk-women-beige-solid-a-line-kurta/2323100/buy,Women Solid A-Line Kurta,759,1899
Anouk,kurtas/anouk/anouk-women-navy-blue-printed-a-line-kurta/2135948/buy,Printed A-Line Kurta,799,1999
Anouk,kurtas/anouk/anouk-women-black--blue-printed-a-line-kurta/1781586/buy,Printed A-Line Kurta,599,1499
Anouk,kurtas/anouk/anouk-women-green--brown-printed-a-line-fusion-kurta/2322807/buy,Printed A-Line Fusion Kurta,1499,2999
Anouk,kurtas/anouk/anouk-women-maroon-yoke-design-anarkali-kurta/2012182/buy,Yoke Design Anarkali Kurta,509,1699
Anouk,kurtas/anouk/anouk-women-black-printed-a-line-kurta/2140522/buy,Printed A-Line Kurta,759,1899
Anouk,kurtas/anouk/anouk-women-yellow-checked-straight-kurta/2038960/buy,Checked Straight Kurta,679,1699
Anouk,kurtas/anouk/anouk-women-beige--blue-printed-a-line-kurta/2370068/buy,Printed A-Line Kurta,679,1699
Anouk,kurtas/anouk/anouk-women-maroon--black-printed-straight-kurta/2322734/buy,Printed Straight Kurta,759,1899
Anouk,kurtas/anouk/anouk-women-blue--mustard-yellow-printed-a-line-kurta/2323078/buy,Women Printed A-Line Kurta,1139,1899
Anouk,kurtas/anouk/anouk-women-red--blue-printed-a-line-kurta/2135499/buy,Printed A-Line Kurta,1199,2999
Anouk,kurtas/anouk/anouk-women-blue--coral-printed-straight-kurta/2012154/buy,Printed Straight Kurta,599,1499
Anouk,kurtas/anouk/anouk-women-black--white-checked-straight-kurta/2038957/buy,Checked Straight Kurta,679,1699
Anouk,kurtas/anouk/anouk-women-maroon-printed-a-line-kurta/2323036/buy,Printed A-Line Kurta,679,1699
Anouk,kurtas/anouk/anouk-women-navy-blue--red-printed-a-line-kurta/2323043/buy,Printed A-Line Kurta,679,1699
Anouk,kurtas/anouk/anouk-women-red--brown-printed-a-line-kurta/2135933/buy,Printed A-Line Kurta,569,1899
Anouk,kurtas/anouk/anouk-women-beige--red-printed-straight-kurta/2038949/buy,Printed Straight Kurta,679,1699
Anouk,kurtas/anouk/anouk-women-red--black-printed-a-line-kurta/2015872/buy,Printed A-Line Kurta,1139,1899
Anouk,kurtas/anouk/anouk-women-red--black-printed-a-line-kurta/2322740/buy,Printed A-Line Kurta,799,1999
Anouk,kurtas/anouk/anouk-women-cream-coloured--brown-printed-a-line-kurta/2322896/buy,Printed A-Line Kurta,1019,1699
Anouk,kurtas/anouk/anouk-women-green--blue-printed-straight-kurta/1497912/buy,Polyester Straight Kurta,599,1199
Anouk,kurtas/anouk/anouk-women-blue--white-printed-a-line-kurta/2322803/buy,Printed A-Line Kurta,739,1849
Anouk,kurtas/anouk/anouk-women-pink-printed-a-line-kurta/2135947/buy,Printed A-Line Kurta,949,1899
Anouk,kurtas/anouk/anouk-women-pink--cream-coloured-printed-a-line-kurta/2294489/buy,Printed A-Line Kurta,1199,2999
Anouk,kurtas/anouk/anouk-women-rust--peach-striped-straight-kurta/2322751/buy,Striped Straight Kurta,599,1499
Anouk,kurtas/anouk/anouk-women-pink--purple-checked-a-line-fusion-kurta/2128224/buy,Checked A-Line Fusion Kurta,759,1899
Anouk,kurtas/anouk/anouk-women-blue-striped-a-line-kurta/2323157/buy,Striped A-Line Kurta,1139,1899
Anouk,kurtas/anouk/anouk-women-grey--orange-embroidered-a-line-kurta/2012119/buy,Embroidered A-Line Kurta,449,1499
Anouk,kurtas/anouk/anouk-women-blue--white-printed-a-line-kurta/2322962/buy,Printed A-Line Kurta,1019,1699
Anouk,kurtas/anouk/anouk-women-beige--navy-blue-printed-a-line-kurta/2135504/buy,Printed A-Line Kurta,629,2099
Anouk,kurtas/anouk/anouk-women-black-woven-design-straight-kurta/2038927/buy,Woven Design Straight Kurta,759,1899
Anouk,kurtas/anouk/anouk-women-black-embroidered-a-line-kurta/2021326/buy,Embroidered A-Line Kurta,799,1999
Anouk,kurtas/anouk/anouk-women-black-printed-a-line-kurta/2021315/buy,Printed A-Line Kurta,759,1899
Anouk,kurtas/anouk/anouk-women-red-printed-straight-kurta/1999979/buy,Printed Straight Kurta,679,1699
Anouk,kurtas/anouk/anouk-women-pink-printed-a-line-kurta/2322955/buy,Printed A-Line Kurta,1019,1699
Anouk,kurtas/anouk/anouk-women-orange--off-white-printed-a-line-kurta/2015863/buy,Printed A-Line Kurta,1799,2999
Anouk,kurtas/anouk/anouk-women-yellow-printed-a-line-kurta/2038935/buy,Printed A-Line Kurta,509,1699
Anouk,kurtas/anouk/anouk-women-off-white--green-yoke-design-straight-kurta/1860318/buy,Printed Straight Kurta,519,1299
Anouk,kurtas/anouk/anouk-women-purple-yoke-design-a-line-kurta/2012186/buy,Yoke Design A-Line Kurta,509,1699
Anouk,kurtas/anouk/anouk-yellow-printed-a-line-kurta/1771140/buy,A-Line Kurta,519,1299
Anouk,kurtas/anouk/anouk-women-black--red-printed-straight-kurta/1681483/buy,Printed Straight Kurta,439,1099
Anouk,kurtas/anouk/anouk-women-orange-printed-a-line-kurta/2021314/buy,Printed A-Line Kurta,569,1899
Anouk,kurtas/anouk/anouk-women-green--pink-printed-straight-kurta/1497913/buy,Polyester Straight Kurta,599,1199
Anouk,kurtas/anouk/anouk-women-blue-printed-straight-kurta/2012176/buy,Printed Straight Kurta,479,1599
Anouk,kurtas/anouk/anouk-women-black-printed-a-line-kurta/2012175/buy,Printed A-Line Kurta,479,1599
Anouk,kurtas/anouk/anouk-women-red-chanderi-blend-woven-design-anarkali-kurta/2323263/buy,Chanderi Blend Anarkali Kurta,1499,2499
Anouk,kurtas/anouk/anouk-women-pink-printed-anarkali-kurta/2011747/buy,Printed Anarkali Kurta,919,2299
Anouk,kurtas/anouk/anouk-women-white-yoke-design-a-line-kurta/1897453/buy,Yoke Design A-Line Kurta,749,1499
Anouk,kurtas/anouk/anouk-women-navy-striped-straight-kurta/2038945/buy,Striped Straight Kurta,509,1699
Anouk,kurtas/anouk/anouk-women-rust-brown-printed-straight-kurta/1897445/buy,Printed Straight Kurta,449,1499
Anouk,kurtas/anouk/anouk-women-pink--black-printed-straight-kurta/2012159/buy,Printed Straight Kurta,599,1499
Anouk,kurtas/anouk/anouk-women-multicoloured-printed-a-line-kurta/2012120/buy,Printed A-Line Kurta,449,1499
Anouk,kurtas/anouk/anouk-women-black-embroidered-anarkali-kurta/2135027/buy,Embroidered Anarkali Kurta,899,2999
Anouk,kurtas/anouk/anouk-women-off-white--red-layered-kurta/2015865/buy,Printed A-Line Kurta,1889,2699
Anouk,kurtas/anouk/anouk-women-blue-printed-a-line-kurta/2370019/buy,Printed A-Line Kurta,1199,1999
Anouk,kurtas/anouk/anouk-women-green--off-white-yoke-design-a-line-kurta/2323024/buy,Yoke Design A-Line Kurta,679,1699
Anouk,kurtas/anouk/anouk-women-khaki-printed-a-line-kurta/2322918/buy,Printed A-Line Kurta,679,1699
Anouk,kurtas/anouk/anouk-women-red-printed-a-line-kurta/2323046/buy,Printed A-Line Kurta,679,1699
Anouk,kurtas/anouk/anouk-women-mustard-yellow-printed-a-line-layered-kurta/2135501/buy,Printed A-Line Kurta,899,2999
Anouk,kurtas/anouk/anouk-women-blue-printed-a-line-kurta/2015870/buy,Printed A-Line Kurta,799,1999
Anouk,kurtas/anouk/anouk-women-pink-striped-straight-kurta/2322747/buy,Striped Straight Kurta,599,1499
Anouk,kurtas/anouk/anouk-women-yellow-solid-a-line-kurta/1997988/buy,Solid A-Line Kurta,759,1899
Anouk,kurtas/anouk/anouk-women-multicoloured-printed-straight-kurta/2012168/buy,Printed Straight Kurta,599,1499
Anouk,kurtas/anouk/anouk-women-blue-yoke-design-striped-straight-kurta/2323209/buy,Yoke Design Straight Kurta,1079,1799
Anouk,kurtas/anouk/anouk-women-mustard-yellow--taupe-printed-a-line-kurta/2323096/buy,Printed A-Line Kurta,679,1699
Anouk,kurtas/anouk/anouk-women-grey--navy-blue-printed-a-line-kurta/2322756/buy,Printed A-Line Kurta,799,1999
Anouk,kurtas/anouk/anouk-women-off-white--blue-printed-straight-kurta/1681400/buy,Straight Kurta,639,1599
Anouk,kurtas/anouk/anouk-women-brown-solid-straight-kurta/1435789/buy,Straight Kurta,599,1499
Anouk,kurtas/anouk/anouk-women-grey--purple-printed-anarkali-kurta/2323222/buy,Printed Anarkali Kurta,759,1899
Anouk,kurtas/anouk/anouk-women-red-yoke-design-straight-kurta/2012189/buy,Yoke Design Straight Kurta,509,1699
Anouk,kurtas/anouk/anouk-women-black-printed-straight-kurta/1781580/buy,Printed Straight Kurta,749,1499
Anouk,kurtas/anouk/anouk-women-red-printed-a-line-kurta/2017316/buy,Printed A-Line Kurta,799,1999
Anouk,kurtas/anouk/anouk-women-orange-yoke-design-a-line-kurta/2037275/buy,Yoke Design A-Line Kurta,899,2999
Anouk,kurtas/anouk/anouk-women-orange-printed-chanderi-blend-cold-shoulder-a-line-kurta/2323256/buy,Chanderi Cold-Shoulder Kurta,1019,1699
Anouk,kurtas/anouk/anouk-maroon-printed-high-low-kurta/1681478/buy,Printed High-Low Kurta,439,1099
Anouk,kurtas/anouk/anouk-women-green-embroidered-a-line-kurta/1705908/buy,Embroidered A-Line Kurta,639,1599
Anouk,kurtas/anouk/anouk-women-purple-woven-design-a-line-kurta/2322857/buy,Woven Design A-Line Kurta,1139,1899
Anouk,kurtas/anouk/anouk-women-navy-blue-printed-straight-kurta/2012152/buy,Printed Straight Kurta,449,1499
Anouk,kurtas/anouk/anouk-women-black-solid-straight-kurta/1999995/buy,Solid Straight Kurta,599,1499
Anouk,kurtas/anouk/anouk-women-maroon-solid-a-line-kurta/2140521/buy,Solid A-Line Kurta,759,1899
Anouk,kurtas/anouk/anouk-women-brown-printed-a-line-kurta/2370029/buy,Printed A-Line Kurta,719,1199
Anouk,kurtas/anouk/anouk-women-rust-red-printed-straight-kurta/2038962/buy,Printed Straight Kurta,599,1499
Anouk,kurtas/anouk/anouk-women-brown-printed-straight-kurta/2012166/buy,Printed Straight Kurta,599,1499
Anouk,kurtas/anouk/anouk-women-taupe--red-printed-anarkali-kurta/2323094/buy,Printed Anarkali Kurta,679,1699
Anouk,kurtas/anouk/anouk-women-grey--off-white-striped-a-line-fusion-kurta/2012112/buy,Striped A-Line Fusion  Kurta,639,1599
Anouk,kurtas/anouk/anouk-women-red--beige-printed-straight-kurta/2370034/buy,Printed Straight Kurta,1019,1699
Anouk,kurtas/anouk/anouk-women-orange-printed-a-line-kurta/2012121/buy,Printed A-Line Kurta,449,1499
Anouk,kurtas/anouk/anouk-women-multicoloured-printed-a-line-kurta/2012122/buy,Printed A-Line Kurta,599,1499
Anouk,kurtas/anouk/anouk-blue-printed-kurta/1770948/buy,Printed Kurta,449,1499
Anouk,kurtas/anouk/anouk-women-black-yoke-design-straight-kurta/2012190/buy,Yoke Design Straight Kurta,509,1699
Anouk,kurtas/anouk/anouk-women-black-solid-straight-kurta/2021328/buy,Solid Straight Kurta,799,1999
Anouk,kurtas/anouk/anouk-women-blue--cream-coloured-printed-a-line-kurta/2323219/buy,Printed A-Line Kurta,1019,1699
Anouk,kurtas/anouk/anouk-green-solid-straight-kurta/1435787/buy,Straight Kurta,599,1499
Anouk,kurtas/anouk/anouk-women-black--red-printed-a-line-kurta/2322828/buy,Printed A-Line Kurta,759,1899
Anouk,kurtas/anouk/anouk-women-pink--black-striped-straight-kurta/1714338/buy,Striped Straight Kurta,569,1899
Anouk,kurtas/anouk/anouk-women-white--peach-coloured-printed-a-line-kurta/1860305/buy,Printed A-Line Kurta,569,1899
Anouk,kurtas/anouk/anouk-women-yellow--red-printed-a-line-kurta/2322830/buy,Printed A-Line Kurta,1139,1899
Anouk,kurtas/anouk/anouk-women-blue-printed-kurta/1556704/buy,Kurta,479,1599
Anouk,kurtas/anouk/anouk-women-brown--beige-printed-a-line-kurta/2135949/buy,Printed A-Line Kurta,569,1899
Anouk,kurtas/anouk/anouk-women-maroon-printed-kurta/1705018/buy,Printed Kurta,559,1399
Anouk,kurtas/anouk/anouk-women-brown-printed-a-line-kurta/2322877/buy,Printed A-Line Kurta,799,1999
Anouk,kurtas/anouk/anouk-women-beige-solid-a-line-kurta/1897450/buy,Solid A-Line Kurta,509,1699
Anouk,kurtas/anouk/anouk-women-black-printed-a-line-kurta/1999981/buy,Printed A-Line Kurta,679,1699
Anouk,kurtas/anouk/anouk-women-white--blue-printed-straight-kurta/2012195/buy,Printed Straight Kurta,479,1599
Anouk,kurtas/anouk/anouk-women-cream-coloured-printed-a-line-kurtha/2140461/buy,Women Printed A-Line Kurta,759,1899
Anouk,kurtas/anouk/anouk-women-green-printed-a-line-kurta/2135037/buy,Printed A-Line Kurta,759,1899
Anouk,kurtas/anouk/anouk-women-black-solid-a-line-kurta/1679904/buy,A-Line Kurta,479,1199
Anouk,kurtas/anouk/anouk-women-white--red-printed-straight-kurta/1897409/buy,Printed Straight Kurta,449,1499
Anouk,kurtas/anouk/anouk-women-blue--white-printed-anarkali-kurta/2323223/buy,Women Printed Anarkali Kurta,679,1699
Anouk,kurtas/anouk/anouk-women-navy--off-white-printed-a-line-kurta/1750289/buy,Printed A-Line Kurta,679,1699
Anouk,kurtas/anouk/anouk-women-red-a-line-kurta/1997987/buy,A-Line Kurta,759,1899
Anouk,kurtas/anouk/anouk-orange-embroidered-linen-kurta/1126761/buy,Embroidered Linen Kurta,559,1399
Anouk,kurtas/anouk/anouk-women-white--blue-printed-a-line-kurta/2323235/buy,Printed A-Line Kurta,679,1699
Anouk,kurtas/anouk/anouk-women-orange-printed-anarkali-kurta/2135946/buy,Printed Anarkali Kurta,759,1899
Anouk,kurtas/anouk/anouk-women-magenta-printed-a-line-kurta/1427159/buy,A-Line Kurta,449,1499
Anouk,kurtas/anouk/anouk-women-maroon--grey-printed-straight-kurta/2323125/buy,Printed Straight Kurta,1329,1899
Anouk,kurtas/anouk/anouk-women-blue--maroon-printed-a-line-kurta/2322732/buy,Printed A-Line Kurta,1139,1899
Anouk,kurtas/anouk/anouk-women-beige-printed-kurta/1497880/buy,Printed Kurta,639,1599
Anouk,kurtas/anouk/anouk-green-printed-a-line-kurta/1681322/buy,Printed Kurta,439,1099
Anouk,kurtas/anouk/anouk-pink-printed-kurta/1770945/buy,Printed Kurta,599,1499
Anouk,kurtas/anouk/anouk-women-black--gold-toned-printed-a-line-kurta/2194217/buy,Printed A-Line Kurta,919,2299
Anouk,kurtas/anouk/anouk-women-magenta-solid-a-line-kurta/2128231/buy,Solid A-Line Kurta,569,1899
Anouk,kurtas/anouk/anouk-women-blue--white-striped-a-line-kurta/1681280/buy,Striped A-Line Kurta,599,1499
Anouk,kurtas/anouk/anouk-women-orange--white-printed-angrakha-kurta/1414166/buy,Angrakha Kurta,419,1399
Anouk,kurtas/anouk/anouk-women-pink-printed-a-line-kurta/2194222/buy,Printed A-Line Kurta,849,1699
Anouk,kurtas/anouk/anouk-women-grey-solid-straight-kurta/2322928/buy,Solid Straight Kurta,1189,1699
Anouk,kurtas/anouk/anouk-women-grey--pink-printed-a-line-kurta/2322831/buy,Printed A-Line Kurta,1139,1899
Anouk,kurtas/anouk/anouk-women-navy-blue-printed-a-line-kurta/2038966/buy,Printed A-Line Kurta,799,1999
Anouk,kurtas/anouk/anouk-women-black--orange-printed-anarkali-kurta/2323146/buy,Printed Anarkali Kurta,759,1899
Anouk,kurtas/anouk/anouk-women-blue-printed-straight-kurta/1789505/buy,Printed Straight Kurta,519,1299
Anouk,kurtas/anouk/anouk-women-orange-printed-a-line-kurta/2323060/buy,Printed A-Line Kurta,1329,1899
Anouk,kurtas/anouk/anouk-women-brown--beige-printed-a-line-kurta/2322821/buy,Printed A-Line Kurta,719,1799
Anouk,kurtas/anouk/anouk-women-orange-printed-straight-kurta/2021318/buy,Printed Straight Kurta,599,1999
Anouk,kurtas/anouk/anouk-women-white--black-striped-straight-kurta/2323062/buy,Striped Straight Kurta,1139,1899
Anouk,kurtas/anouk/anouk-women-red--orange-checked-a-line-kurta/2128223/buy,Checked A-Line Kurta,759,1899
Anouk,kurtas/anouk/anouk-women-magenta-solid-straight-kurta/1427137/buy,Rayon Straight Kurta,439,1099
Anouk,kurtas/anouk/anouk-women-red--gold-toned-printed-straight-kurta/1997985/buy,Printed Straight Kurta,509,1699
Anouk,kurtas/anouk/anouk-women-black-printed-a-line-kurta/2037266/buy,Printed A-Line Kurta,509,1699
Anouk,kurtas/anouk/anouk-women-green-printed-a-line-kurta/1775966/buy,Printed A-Line Kurta,559,1399
Anouk,kurtas/anouk/anouk-women-beige-printed-a-line-kurta/2135505/buy,Printed A-Line Kurta,629,2099
Anouk,kurtas/anouk/anouk-women-brown-printed-straight-kurta/1897447/buy,Printed Straight Kurta,599,1499
Anouk,kurtas/anouk/anouk-women-red-printed-a-line-kurta/2323052/buy,Printed A-Line Kurta,1139,1899
Anouk,kurtas/anouk/anouk-women-navy-blue-printed-a-line-kurta/2370010/buy,Printed A-Line Kurta,1079,1799
Anouk,kurtas/anouk/anouk-women-mustard-yellow-solid-asymmetrical-hem-kurta/1542100/buy,Rayon Asymmetrical Hem Kurta,389,1299
Anouk,kurtas/anouk/anouk-women-red-printed-straight-kurta/1998006/buy,Printed Straight Kurta,559,1399
Anouk,kurtas/anouk/anouk-women-blue-solid-chambray-a-line-kurta/1680900/buy,A-Line Kurta,679,1699
Anouk,kurtas/anouk/anouk-women-blue-solid-straight-kurta/1777934/buy,Solid Straight Kurta,559,1399
Anouk,kurtas/anouk/anouk-women-black-printed-a-line-layered-kurta/2021302/buy,Printed A-Line Layered Kurta,599,1999
Anouk,kurtas/anouk/anouk-women-off-white-printed-a-line-kurta/2038933/buy,Printed A-Line Kurta,509,1699
Anouk,kurtas/anouk/anouk-women-black-printed-a-line-kurta/2038939/buy,Printed A-Line Kurta,569,1899
Anouk,kurtas/anouk/anouk-women-off-white--blue-printed-a-line-kurta/2016029/buy,Printed A-Line Kurta,1079,2699
Anouk,kurtas/anouk/anouk-women-navy-blue-printed-straight-kurta/1781522/buy,Printed Straight Kurta,419,1399
Anouk,kurtas/anouk/anouk-women-green-a-line-kurta/1427157/buy,A-Line Kurta,479,1199
Anouk,kurtas/anouk/anouk-women-red-and-navy-printed-a-line-kurta/1548325/buy,Cotton A-Line Kurta,449,1499
Anouk,kurtas/anouk/anouk-women-beige-printed-a-line-kurta/2021307/buy,Printed A-Line Kurta,599,1999
Anouk,kurtas/anouk/anouk-women-black--off-white-printed-a-line-kurta/2135038/buy,Printed A-Line Kurta,449,1499
Anouk,kurtas/anouk/anouk-women-olive-green-printed-a-line-kurta/2015848/buy,Printed A-Line Kurta,1499,2499
Anouk,kurtas/anouk/anouk-women-blue--black-striped-straight-kurta/1714336/buy,Striped Straight Kurta,569,1899
Anouk,kurtas/anouk/anouk-women-black--grey-colourblocked-straight-kurta/2038903/buy,Colourblocked Straight Kurta,449,1499
Anouk,kurtas/anouk/anouk-women-pink-printed-a-line-kurta/2370015/buy,Printed A-Line Kurta,1259,1799
Anouk,kurtas/anouk/anouk-women-orange-yoke-design-straight-kurta/1997981/buy,Yoke Design Straight Kurta,569,1899
Anouk,kurtas/anouk/anouk-women-brown--beige-striped-straight-kurta/2322748/buy,Striped Straight Kurta,599,1499
Anouk,kurtas/anouk/anouk-women-red--black-printed-straight-kurta/1679900/buy,Straight Kurta,389,1299
Anouk,kurtas/anouk/anouk-women-red-solid-a-line-kurta/1705031/buy,A-Line Kurta,299,999
Anouk,kurtas/anouk/anouk-women-white--mustard-yellow-printed-a-line-kurta/1707769/buy,A-Line Kurta,479,1199
Anouk,kurtas/anouk/anouk-women-navy-blue-floral-print-straight-kurta/1495372/buy,Floral Print Straight Kurta,419,1399
Anouk,kurtas/anouk/anouk-women-sea-green-embroidered-kurta/1382041/buy,Embroidered Kurta,879,2199
Anouk,kurtas/anouk/anouk-women-brown--yellow-printed-straight-kurta/1705907/buy,Printed Straight Kurta,449,1499
Anouk,kurtas/anouk/anouk-women-yellow-embroidered-a-line-kurta/2037277/buy,Embroidered A-Line Kurta,899,2999
Anouk,kurtas/anouk/anouk-women-multicoloured-printed-straight-kurta/1681372/buy,Printed Straight Kurta,759,1899
Anouk,kurtas/anouk/anouk-women-red-woven-design-a-line-kurta/2370048/buy,Woven Design A-Line Kurta,1749,2499
Anouk,kurtas/anouk/anouk-women-off-white--blue-printed-straight-kurta/1750291/buy,Printed Straight Kurta,599,1499
Anouk,kurtas/anouk/anouk-women-purple--pink-printed-straight-kurta/1770952/buy,Printed Straight Kurta,449,1499
Anouk,kurtas/anouk/anouk-women-black--gold-toned-printed-a-line-kurta/1998002/buy,Printed A-Line Kurta,569,1899
Anouk,kurtas/anouk/anouk-women-off-white--grey-printed-straight-kurta/2012113/buy,Printed Straight Kurta,639,1599
Anouk,kurtas/anouk/anouk-women-orange-printed-a-line-layered-kurta/2021301/buy,Printed A-Line Layered Kurta,599,1999
Anouk,kurtas/anouk/anouk-women-black-printed-straight-kurta/2021317/buy,Printed Straight Kurta,599,1999
Anouk,kurtas/anouk/anouk-women-orange-printed-a-line-kurta/1997979/buy,Printed A-Line Kurta,569,1899
Anouk,kurtas/anouk/anouk-women-multicolour-printed-straight-kurta/1446665/buy,Printed Straight Kurta    ,539,1799
Anouk,kurtas/anouk/anouk-women-maroon-printed-straight-kurta/2012162/buy,Printed Straight Kurta,599,1499
Anouk,kurtas/anouk/anouk-women-green--white-printed-a-line-kurta/1926942/buy,Printed A-Line Kurta,509,1699
Anouk,kurtas/anouk/anouk-women-orange-printed-straight-kurta/1997983/buy,Printed Straight Kurta,569,1899
Anouk,kurtas/anouk/anouk-women-magenta--gold-toned-printed-a-line-kurta/1998001/buy,Printed A-Line Kurta,569,1899
Anouk,kurtas/anouk/anouk-women-green--purple-printed-a-line-kurta/2135945/buy,Printed A-Line Kurta,569,1899
Anouk,kurtas/anouk/anouk-women-green--yellow-printed-high-low-hem-a-line-kurta/2135497/buy,Printed A-Line Kurta,569,1899
Anouk,kurtas/anouk/anouk-women-grey--black-printed-chambray-a-line-kurta/1680881/buy,A-Line Kurta,559,1399
Anouk,kurtas/anouk/anouk-women-rust-red-printed-a-line-kurta/2017279/buy,Printed A-Line Kurta,509,1699
Anouk,kurtas/anouk/anouk-women-pink--black-printed-a-line-kurta/2017313/buy,Printed A-Line Kurta,509,1699
Anouk,kurtas/anouk/anouk-women-blue--white-printed-straight-kurta/2012156/buy,Printed Straight Kurta,449,1499
Anouk,kurtas/anouk/anouk-blue-solid-straight-kurta/1705226/buy,Straight Kurta,419,1399
Anouk,kurtas/anouk/anouk-women-blue-solid-a-line-kurta/1378701/buy,Viscose A-Line Kurta,419,1399
Anouk,kurtas/anouk/anouk-women-orange--white-printed-straight-kurta/1685294/buy,Printed Straight Kurta,449,1499
Anouk,kurtas/anouk/anouk-women-green-embroidered-a-line-kurta/1435800/buy,A-Line Kurta,479,1599
Anouk,kurtas/anouk/anouk-women-orange-solid-straight-kurta/1427151/buy,Straight Kurta,449,1499
Anouk,kurtas/anouk/anouk-women-black--green-printed-straight-kurta/1681388/buy,Straight Kurta,479,1599
Anouk,kurtas/anouk/anouk-women-maroon-printed-straight-kurta/1846906/buy,Printed Straight Kurta,479,1599
Anouk,kurtas/anouk/anouk-women-orange-printed-straight-kurta/1750286/buy,Printed Straight Kurta,449,1499
Anouk,kurtas/anouk/anouk-women-blue-solid-a-line-high-slit-kurta-with-printed-back/1685283/buy,A-Line Kurta,509,1699
Anouk,kurtas/anouk/anouk-women-blue-printed-a-line-kurta/1681326/buy,Printed A-Line Kurta,479,1199
Anouk,kurtas/anouk/anouk-women-blue-printed-straight-kurta/1681346/buy,Printed Straight Kurta,599,1499
Anouk,kurtas/anouk/anouk-women-orange-embroidered-a-line-kurta/2038911/buy,Embroidered A-Line Kurta,1139,1899
Anouk,kurtas/anouk/anouk-women-magenta-printed-straight-kurta/1497902/buy,Polyester Straight Kurta,439,1099
Anouk,kurtas/anouk/anouk-women-brown-solid-a-line-kurta/1542086/buy,A-Line Kurta,389,1299
Anouk,kurtas/anouk/anouk-women-black--blue-printed-straight-kurta/1848968/buy,Printed Straight Kurta,419,1399
Anouk,kurtas/anouk/anouk-yellow-printed-a-line-kurta/1681353/buy,Printed A-Line Kurta,479,1599
Anouk,kurtas/anouk/anouk-women-red--beige-printed-a-line-kurta/2016829/buy,Printed A-Line Kurta,419,1399
Anouk,kurtas/anouk/anouk-women-red-printed-straight-kurta/1848969/buy,Printed Straight Kurta,419,1399
Anouk,kurtas/anouk/anouk-women-yellow-embroidered-a-line-kurta/1705909/buy,Embroidered A-Line Kurta,639,1599
Anouk,kurtas/anouk/anouk-women-orange-printed-a-line-kurta/2194223/buy,Printed A-Line Kurta,679,1699
Anouk,kurtas/anouk/anouk-women-blue-chambray-a-line-kurta/1777918/buy,Chambray A-Line Kurta,599,1499
Anouk,kurtas/anouk/anouk-women-black-printed-a-line-kurta/2038921/buy,Printed A-Line Kurta,449,1499
Anouk,kurtas/anouk/anouk-women-navy-printed-straight-kurta/2012177/buy,Printed Straight Kurta,509,1699
Anouk,kurtas/anouk/anouk-women-green-solid-kurta/1542122/buy,Kurta,559,1399
Anouk,kurtas/anouk/anouk-women-multicoloured-printed-straight-kurta/1683263/buy,Polyester Straight Kurta,539,1799
Anouk,kurtas/anouk/anouk-women-black-yoke-design-straight-kurta/1999984/buy,Yoke Design Straight Kurta,509,1699
Anouk,kurtas/anouk/anouk-women-red-solid-a-line-kurta/1679915/buy,A-Line Kurta,479,1599
Anouk,kurtas/anouk/anouk-women-yellow-printed-a-line-kurta/2323269/buy,Printed A-Line Kurta,2499,
Anouk,kurtas/anouk/anouk-women-white-printed-straight-kurta/1860329/buy,Printed Straight Kurta,449,1499
Anouk,kurtas/anouk/anouk-women-black-floral-print-straight-kurta/1495371/buy,Print Straight Kurta,419,1399
Anouk,kurtas/anouk/anouk-blue-printed-cold-shoulder-a-line-kurta/1796369/buy,Printed Kurta,839,2099
Anouk,kurtas/anouk/anouk-women-magenta--purple-yoke-design-a-line-kurta/2128233/buy, Yoke Design A-Line Kurta,569,1899
Anouk,kurtas/anouk/anouk-women-black--brown-printed-straight-kurta/2012153/buy,Printed Straight Kurta,449,1499
Anouk,kurtas/anouk/anouk-women-black-solid-a-line-kurta/1679928/buy,A-Line Kurta,449,1499
Anouk,kurtas/anouk/anouk-women-green--navy-blue-printed-a-line-kurta/2037261/buy,Printed A-Line Kurta,569,1899
Anouk,kurtas/anouk/anouk-women-black--blue-printed-a-line-kurta/1681396/buy,Printed A-Line Kurta,719,1799
Anouk,kurtas/anouk/anouk-women-orange-printed-straight-kurta/2021323/buy,Printed Straight Kurta,599,1999
Anouk,kurtas/anouk/anouk-women-beige--red-printed-a-line-kurta/1999988/buy,Printed A-Line Kurta,509,1699
Anouk,kurtas/anouk/anouk-women-pink-a-line-kurta/1997995/buy,Printed A-Line Kurta,569,1899
Anouk,kurtas/anouk/anouk-pink-kurta/1385324/buy,Kurta,599,999
Anouk,kurtas/anouk/anouk-women-brown--red-printed-a-line-kurta/2323270/buy,Printed A-Line Kurta,2499,
Anouk,kurtas/anouk/anouk-blue-printed-a-line-kurta/1680926/buy,Printed A-Line Kurta,599,1499
Anouk,kurtas/anouk/anouk-women-black-embroidered-a-line-kurta/2011657/buy,Embroidered A-Line Kurta,749,2499
Anouk,kurtas/anouk/anouk-women-blue-embroidered-a-line-kurta/2011660/buy,Embroidered A-Line Kurta,749,2499
Anouk,kurtas/anouk/anouk-women-green-embroidered-straight-kurta/1714357/buy,Embroidered Straight Kurta,569,1899
Anouk,kurtas/anouk/anouk-women-black-woven-design-a-line-kurta/1999976/buy,Woven Design A-Line Kurta,509,1699
Anouk,kurtas/anouk/anouk-women-black-printed-a-line-kurta/1998004/buy,Printed A-Line Kurta,759,1899
Anouk,kurtas/anouk/anouk-women-blue-printed-a-line-kurta/1685297/buy,Printed A-Line Kurta,639,1599
Anouk,kurtas/anouk/anouk-women-orange-printed-a-line-kurta/1750278/buy,Printed A-Line Kurta,719,1799
Anouk,kurtas/anouk/anouk-women-yellow-printed-straight-kurta/1885396/buy,Printed Straight Kurta,449,1499
Anouk,kurtas/anouk/anouk-women-black--off-white-printed-straight-kurta/1707760/buy,Straight Kurta,389,1299
Anouk,kurtas/anouk/anouk-blue-printed-a-line-kurta/1681328/buy,Printed Kurta,639,1599
Anouk,kurtas/anouk/anouk-women-mustard-yellow-printed-straight-kurta/1860328/buy,Printed Straight Kurta,449,1499
Anouk,kurtas/anouk/anouk-women-black-printed-straight-kurta/1999970/buy,Printed Straight Kurta,679,1699
Anouk,kurtas/anouk/anouk-women-blue--off-white-printed-straight-kurta/2012161/buy,Printed Straight Kurta,599,1499
Anouk,kurtas/anouk/anouk-women-magenta-solid-straight-kurta/1997997/buy,Solid Straight Kurta,509,1699
Anouk,kurtas/anouk/anouk-women-black--red-solid-a-line-kurta/2140520/buy,Solid A-Line Kurta,759,1899
Anouk,kurtas/anouk/anouk-women-red-printed-a-line-kurta/1999967/buy,Printed A-Line Kurta,419,1399
Anouk,kurtas/anouk/anouk-women-black--off-white-printed-a-line-kurta/1705030/buy,Printed A-Line Kurta,399,999
Anouk,kurtas/anouk/anouk-women-red-printed-a-line-kurta/1999983/buy,Printed A-Line Kurta,509,1699
Anouk,kurtas/anouk/anouk-women-blue-yoke-design-a-line-kurta/1770975/buy,Yoke Design A-Line Kurta,449,1499
Anouk,kurtas/anouk/anouk-women-olive-green-printed-a-line-kurta/2135034/buy,Printed A-Line Kurta,479,1599
Anouk,kurtas/anouk/anouk-women-brown-printed-a-line-kurta/2135035/buy,Printed A-Line Kurta,479,1599
Anouk,kurtas/anouk/anouk-women-blue-solid-high-low--kurta/1846842/buy,Solid High-Low Kurta,479,1599
Anouk,kurtas/anouk/anouk-women-yellow--maroon-striped-a-line-kurta/1714334/buy,Striped A-Line Kurta,419,1399
Anouk,kurtas/anouk/anouk-women-pink-embroidered-a-line-kurta/1714358/buy,Embroidered A-Line Kurta,569,1899
Anouk,kurtas/anouk/anouk-women-pink-checked-a-line-kurta/2323212/buy,Checked A-Line Kurta,1399,1999
Anouk,kurtas/anouk/anouk-women-green--grey-colourblock-a-line-kurta/1708167/buy,Cotton A-Line Kurta,329,1099
Anouk,kurtas/anouk/anouk-women-black-printed-straight-kurta/1999974/buy,Printed Straight Kurta,509,1699
Anouk,kurtas/anouk/anouk-women-blue--off-white-printed-straight-kurta/1681389/buy,Straight Kurta,639,1599
Anouk,kurtas/anouk/anouk-women-yellow-printed-straight-kurta/2323259/buy,Printed Straight Kurta,1899,
Anouk,kurtas/anouk/anouk-women-pink--white-printed-a-line-kurta/2323198/buy,Printed A-Line Kurta,1399,1999
Anouk,kurtas/anouk/anouk-women-blue-printed-a-line-kurta/2323213/buy,Printed A-Line Kurta,1224,1749
Anouk,kurtas/anouk/anouk-women-pink-solid-a-line-kurta/2323208/buy,Solid A-Line Kurta,1399,1999
Anouk,kurtas/anouk/anouk-women-off-white--yellow-printed-a-line-kurta/2323257/buy,Printed A-Line Kurta,2499,
Anouk,kurtas/anouk/anouk-women-black-printed-straight-kurta/1999982/buy,Printed Straight Kurta,509,1699
Anouk,kurtas/anouk/anouk-women-navy--white-printed-a-line-kurta/1714342/buy,Printed A-Line Kurta,569,1899
Anouk,kurtas/anouk/anouk-women-blue--white-checked-a-line-kurta/2323211/buy,Checked A-Line Kurta,1399,1999
Anouk,kurtas/anouk/anouk-women-beige-solid-straight-kurta/2021322/buy,Solid Straight Kurta,799,1999
Anouk,kurtas/anouk/anouk-women-orange--white-printed-a-line-kurta/1685304/buy,Printed A-Line Kurta,419,1399
Anouk,kurtas/anouk/anouk-women-navy-printed-a-line-kurta/1548519/buy,Printed A-Line Kurta,569,1899
Anouk,kurtas/anouk/anouk-women-white--blue-printed-straight-kurta/1685288/buy,Printed Straight Kurta,719,1799
Anouk,kurtas/anouk/anouk-women-green--black-printed-kurta/1681390/buy,Printed Kurta,679,1699
Anouk,kurtas/anouk/anouk-blue--white-printed-a-line-kurta/1685281/buy,A-Line Kurta,509,1699
Anouk,kurtas/anouk/anouk-women-blue--white-striped-a-line-kurta/2323197/buy,Striped A-Line Kurta,1399,1999
Anouk,kurtas/anouk/anouk-women-white--blue-printed-straight-kurta/1685302/buy,Printed Straight Kurta,719,1799
Anouk,kurtas/anouk/anouk-women-red-solid-a-line-kurta/1997993/buy,Solid A-Line Kurta,799,1999
Anouk,kurtas/anouk/anouk-women-teal-blue-solid-a-line-kurta/1414189/buy,A-Line Kurta,699,999
Anouk,kurtas/anouk/anouk-women-navy-blue-printed-straight-kurta/1556682/buy,Straight Kurta,479,1599
Anouk,kurtas/anouk/anouk-women-orange-a-line-kurta/1427173/buy,Cotton A-Line Kurta,769,1099
Anouk,kurtas/anouk/anouk-women-red--black-striped-straight-kurta/1714339/buy,Striped Straight Kurta,759,1899
Anouk,kurtas/anouk/anouk-blue-printed-straight-kurta/1683269/buy,Straight Kurta,509,1699
Anouk,kurtas/anouk/anouk-women-red-yoke-design-straight-kurta/1999977/buy,Yoke Design Straight Kurta,509,1699
Anouk,kurtas/anouk/anouk-women-red--white-printed-straight-kurta/1548313/buy,Cotton Straight Kurta,449,1499
Anouk,kurtas/anouk/anouk-women-orange-printed-straight-kurta/1750274/buy,Printed Straight Kurta,599,1499
Anouk,kurtas/anouk/anouk-women-black-printed-straight-kurta/1536980/buy,Rayon Straight Kurta    ,639,1599
Anouk,kurtas/anouk/anouk-women-blue-embroidered-a-line-kurta/1714355/buy,Embroidered A-Line Kurta,569,1899
Anouk,kurtas/anouk/anouk-women-beige-printed-a-line-kurta/1497878/buy,A-Line Kurta,639,1599
Anouk,kurtas/anouk/anouk-women-black--red-printed-straight-kurta/1679921/buy,Printed Straight Kurta,479,1599
Anouk,kurtas/anouk/anouk-women-yellow-a-line-kurta/1775972/buy,A-Line Kurta,639,1599
Anouk,kurtas/anouk/anouk-pink-solid-a-line-kurta/1775971/buy,Solid A-Line Kurta,639,1599
Anouk,kurtas/anouk/anouk-women-pink--green-printed-sheer-cold-shoulder-kaftan-kurta/1705899/buy,Printed Sheer Kaftan Kurta,479,1599
Anouk,kurtas/anouk/anouk-women-orange-solid-a-line-kurta/1846841/buy,Solid A-Line Kurta,479,1599
Anouk,kurtas/anouk/anouk-women-blue-printed-straight-kurta/1846905/buy,Printed Straight Kurta,479,1599
Anouk,kurtas/anouk/anouk-women-blue-solid-a-line-kurta/1846844/buy,Solid A-Line Kurta,479,1599
Anouk,kurtas/anouk/anouk-women-red-printed-straight-kurta/2012178/buy,Printed Straight Kurta,509,1699
Anouk,kurtas/anouk/anouk-brown-printed-kurta/1385338/buy,Printed Kurta,699,999
Anouk,kurtas/anouk/anouk-women-off-white--red-printed-a-line-kurta/1679926/buy,Printed A-Line Kurta,599,1499
Anouk,kurtas/anouk/anouk-women-pink--yellow-printed-a-line-kurta/1770970/buy,Printed A-Line Kurta,449,1499
Anouk,kurtas/anouk/anouk-women-green-solid-a-line-kurta/1775943/buy,Solid A-Line Kurta,449,1499
Anouk,kurtas/anouk/anouk-women-orange--yellow-printed-straight-kurta/1750292/buy,Printed Straight Kurta,599,1499
Anouk,kurtas/anouk/anouk-women-beige--rust-red-printed-a-line-kurta/1732630/buy,Printed A-Line Kurta,599,1499
Anouk,kurtas/anouk/anouk-women-blue--white-printed-a-line-kurta/1926702/buy,Printed A-Line Kurta,449,1499
Anouk,kurtas/anouk/anouk-women-navy-solid-straight-kurta/1848971/buy,Solid Straight Kurta,599,1499
Anouk,kurtas/anouk/anouk-women-cream-coloured-printed-straight-kurta/1999992/buy,Printed Straight Kurta,449,1499
Anouk,kurtas/anouk/anouk-women-red--beige-printed-straight-kurta/1999969/buy,Printed Straight Kurta,449,1499
Anouk,kurtas/anouk/anouk-women-mustard-printed-straight-kurta/1436540/buy,Viscose Straight Kurta,479,1199
Anouk,kurtas/anouk/anouk-women-navy-woven-design-kurta/1556709/buy,Patterned Kurta,479,1599
Anouk,kurtas/anouk/anouk-women-black-printed-straight-kurta/1495368/buy,Straight Kurta,419,1399
Anouk,kurtas/anouk/anouk-women-blue-solid-a-line-chambray-kurta/1680884/buy,A-Line Kurta,419,1399
Anouk,kurtas/anouk/anouk-women-black-printed-straight-kurta/1556684/buy,Printed Straight Kurta,479,1599
Anouk,kurtas/anouk/anouk-women-off-white--pink-floral-print-a-line-kurta/1705014/buy,Polyester A-Line Kurta,419,1399
Anouk,kurtas/anouk/anouk-women-black--white-printed-straight-kurta/1446649/buy,Straight Kurta,419,1399
Anouk,kurtas/anouk/anouk-women-navy-printed-a-line-kurta/1548314/buy,Cotton A-Line Kurta,419,1399
Anouk,kurtas/anouk/anouk-women-teal-blue-solid-kurta/1705225/buy,Kurta,419,1399
Anouk,kurtas/anouk/anouk-women-yellow--pink-striped-a-line-kurta/1714335/buy,Striped A-Line Kurta,419,1399
Anouk,kurtas/anouk/anouk-women-black-printed-a-line-kurta/1679923/buy,A-Line Kurta,449,1499
