Anouk,kurtas/anouk/anouk-women-orange-printed-straight-kurta/1427169/buy,Straight Kurta,769,1099
Anouk,kurtas/anouk/anouk-women-yellow-printed-straight-kurta/1707056/buy,Printed Straight Kurta,799,1599
Anouk,kurtas/anouk/anouk-women-pink-printed-straight-kurta/1781546/buy,Printed Straight Kurta,599,1499
Anouk,kurtas/anouk/anouk-women-red-printed-a-line-kurta/1497885/buy,A-Line Kurta,799,1599
Anouk,kurtas/anouk/anouk-women-off-white--grey-printed-a-line-kurta/1681291/buy,Printed A-Line Kurta,599,1499
Anouk,kurtas/anouk/anouk-women-navy-blue-printed-straight-kurta/1570812/buy,Printed Straight Kurta,449,1499
Anouk,kurtas/anouk/anouk-women-mustard-yellow--off-white-colourblocked-a-line-kurta/1781535/buy,Colourblocked A-Line Kurta,449,1499
Anouk,kurtas/anouk/anouk-women-black--white-printed-straight-kurta/2038900/buy,Printed Straight Kurta,759,1899
Anouk,kurtas/anouk/anouk-women-red-printed-a-line-kurta/2017206/buy,Printed A-Line Kurta,749,1499
Anouk,kurtas/anouk/anouk-women-rust-printed-a-line-kurta/1707132/buy,Printed A-Line Kurta,499,999
Anouk,kurtas/anouk/anouk-women-magenta-printed-a-line-kurta/2038920/buy,Printed A-Line Kurta,679,1699
Anouk,kurtas/anouk/anouk-purple-printed-kurta/1385327/buy,Printed Kurta,699,999
Anouk,kurtas/anouk/anouk-women-blue--white-checked-a-line-kurta-with-embroidered-detail/2012107/buy,Checked A-Line Kurta,639,1599
Anouk,kurtas/anouk/anouk-women-khaki-solid-straight-kurta-with-inner/1485609/buy,Straight Kurta with Inner,1189,1699
Anouk,kurtas/anouk/anouk-women-green--blue-striped-a-line-kurta/2017295/buy,Striped A-Line Kurta,679,1699
Anouk,kurtas/anouk/anouk-women-grey-solid-straight-kurta/1680909/buy,Solid Straight Kurta,699,1399
Anouk,kurtas/anouk/anouk-women-beige-printed-straight-kurta/1556666/buy,Printed Straight Kurta,1119,1599
Anouk,kurtas/anouk/anouk-women-sea-green--gold-toned-embroidered-straight-kurta/1497883/buy,Embroidered Straight Kurta,639,1599
Anouk,kurtas/anouk/anouk-women-white--blue-printed-a-line-kurta/1685307/buy,Printed A-Line Kurta,639,1599
Anouk,kurtas/anouk/anouk-women-blue-printed-a-line-kurta/1415595/buy,A-Line Kurta,649,1299
Anouk,kurtas/anouk/anouk-women-green-yoke-design-a-line-kurta/2135503/buy,Yoke Design A-Line Kurta,1139,1899
Anouk,kurtas/anouk/anouk-women-white-printed-straight-kurta/1781539/buy,Printed Straight Kurta,599,1499
Anouk,kurtas/anouk/anouk-women-yellow-embroidered-a-line-kurta/1714354/buy,Embroidered A-Line Kurta,569,1899
Anouk,kurtas/anouk/anouk-women-charcoal-grey-floral-print-straight-kurta/1570808/buy,Floral Print Straight Kurta,1049,1499
Anouk,kurtas/anouk/anouk-women-navy-embroidered-straight-kurta/1786367/buy,Embroidered Straight Kurta,559,1399
Anouk,kurtas/anouk/anouk-blue-solid-a-line-kurta/1681494/buy,A-Line Kurta,399,999
Anouk,kurtas/anouk/anouk-pink--blue-straight-printed-kurta/1770954/buy,Straight Printed Kurta,599,1499
Anouk,kurtas/anouk/anouk-women-off-white-printed-straight-kurta/1708185/buy,Straight Kurta,439,1099
Anouk,kurtas/anouk/anouk-women-green-printed-a-line-kurta/1860313/buy,Printed A-Line Kurta,1019,1699
Anouk,kurtas/anouk/anouk-women-rust-red-printed-straight-kurta/1548541/buy,Printed Straight Kurta,599,1499
Anouk,kurtas/anouk/anouk-women-black-solid-a-line-kurta/1779809/buy,A-Line Kurta,449,1499
Anouk,kurtas/anouk/anouk-women-navy-printed-straight-kurta/1681450/buy,Straight Kurta,549,1099
Anouk,kurtas/anouk/anouk-women-red-embroidered-a-line-kurta/1707068/buy,Embroidered A-Line Kurta,559,1399
Anouk,kurtas/anouk/anouk-green-solid-straight-kurta/1435788/buy,Straight Kurta,599,1499
Anouk,kurtas/anouk/anouk-grey--off-white-embroidered-straight-kurta/1708240/buy,Straight Kurta,519,1299
Anouk,kurtas/anouk/anouk-peach-yoke-design-knitted-straight-kurta/1705918/buy,Yoke Design Kurta,479,1199
Anouk,kurtas/anouk/anouk-women-black--beige-printed-a-line-kurta/1897441/buy,Printed A-Line Kurta,499,999
Anouk,kurtas/anouk/anouk-women-white-solid-straight-kurta/1860310/buy,Solid Straight Kurta,479,1199
Anouk,kurtas/anouk/anouk-women-white--teal-blue-printed-straight-layered-kurta/2037258/buy,Printed Straight Layered Kurta,919,2299
Anouk,kurtas/anouk/anouk-women-black-solid-straight-kurta/1427164/buy,Rayon Straight Kurta    ,979,1399
Anouk,kurtas/anouk/anouk-blue-solid-a-line-kurta/1775956/buy,A-Line Kurta,479,1199
Anouk,kurtas/anouk/anouk-women-mustard-yellow--navy-blue-colourblocked-straight-kurta/2038904/buy,Solid Straight Kurta,449,1499
Anouk,kurtas/anouk/anouk-women-magenta-printed-straight-kurta/1681337/buy,Printed Straight Kurta,439,1099
Anouk,kurtas/anouk/anouk-women-black-a-line-kurta/1382289/buy,A-Line Kurta,439,1099
Anouk,kurtas/anouk/anouk-women-black--beige-floral-print-straight-kurta/1681485/buy,Floral Print Straight Kurta,439,1099
Anouk,kurtas/anouk/anouk-women-grey-printed-a-line-kurta/1775970/buy,Printed A-Line Kurta,799,1599
Anouk,kurtas/anouk/anouk-women-red-printed-angrakha-a-line-kurta/1708151/buy,Viscose A-Line Kurta,799,1999
Anouk,kurtas/anouk/anouk-maroon-yoke-design-knitted-straight-kurta/1705920/buy,Yoke Design Kurta,839,1199
Anouk,kurtas/anouk/anouk-women-navy-solid-straight-kurta/1427174/buy,Straight Kurta    ,769,1099
Anouk,kurtas/anouk/anouk-women-black--red-printed-a-line-kurta/1679908/buy,Polyester A-Line Kurta,749,1499
Anouk,kurtas/anouk/anouk-women-black-colourblocked-panelled-a-line-kurta/1542088/buy,A-Line Kurta,389,1299
Anouk,kurtas/anouk/anouk-women-navy--white-printed-anarkali-kurta/1781329/buy,Printed Anarkali Kurta,759,1899
Anouk,kurtas/anouk/anouk-women-mustard-solid-a-line-kurta/1427130/buy,Rayon A-Line Kurta    ,699,999
Anouk,kurtas/anouk/anouk-women-blue--white-printed-a-line-kurta/1685272/buy,Printed A-Line Kurta,679,1699
Anouk,kurtas/anouk/anouk-black--yellow-printed-straight-kurta/1708253/buy,Straight Kurta,769,1099
Anouk,kurtas/anouk/anouk-women-red--black-colourblocked-printed-straight-kurta/1497901/buy,Printed Straight Kurta,659,1099
Anouk,kurtas/anouk/anouk-women-beige-solid-a-line-kurta/1548553/buy,Cotton A-Line Kurta,389,1299
Anouk,kurtas/anouk/anouk-women-yellow-woven-design-straight-kurta/1435805/buy,Polyester Straight Kurta,639,1599
Anouk,kurtas/anouk/anouk-women-black-embroidered-yoke-design-a-line-kurta/1481132/buy,Yoke Design A-Line Kurta,679,1699
Anouk,kurtas/anouk/anouk-women-pink--orange-printed-kurta/1775967/buy,Printed Kurta,639,1599
Anouk,kurtas/anouk/anouk-women-brown-printed-straight-kurta/1471364/buy,Straight Kurta    ,599,999
Anouk,kurtas/anouk/anouk-women-coral-pink-solid-a-line-kurta/1781559/buy,A-Line Kurta,599,1499
Anouk,kurtas/anouk/anouk-women-grey-printed-straight-kurta/1897444/buy,Printed Straight Kurta,599,1499
Anouk,kurtas/anouk/anouk-women-blue--white-striped-a-line-kurta/1681292/buy,Striped A-Line Kurta,599,1499
Anouk,kurtas/anouk/anouk-women-grey-straight-kurta/1681277/buy,Straight Kurta,599,1499
Anouk,kurtas/anouk/anouk-women-magenta-solid-straight-kurta/1378934/buy, Cotton Straight Kurta    ,599,1499
Anouk,kurtas/anouk/anouk-women-mustard-brown-printed-straight-kurta/1781323/buy,Printed Straight Kurta,599,1499
Anouk,kurtas/anouk/anouk-women-off-wite--black-printed-a-line-kurta/1707094/buy,A-Line Kurta,599,999
Anouk,kurtas/anouk/anouk-women-green--beige-printed-a-line-kurta/1781310/buy,Printed A-Line Kurta,599,1499
Anouk,kurtas/anouk/anouk-women-pink-solid-straight-kurta/1848972/buy,Solid Straight Kurta,599,1499
Anouk,kurtas/anouk/anouk-women-blue-printed-straight-kurta/1681407/buy,Printed Straight Kurta,399,999
Anouk,kurtas/anouk/anouk-women-green-solid-a-line-kurta/1846843/buy,Solid A-Line Kurta,639,1599
Anouk,kurtas/anouk/anouk-women-grey-printed-a-line-kurta/1556698/buy,A-Line Kurta,639,1599
Anouk,kurtas/anouk/anouk-women-black--beige-printed-a-line-kurta/1781316/buy,Printed A-Line Kurta,639,1599
Anouk,kurtas/anouk/anouk-women-orange-printed-pathani-kurta/1495348/buy,Pathani Kurta,519,1299
Anouk,kurtas/anouk/anouk-purple--gold-toned-printed-kurta/1385336/buy,Gold-Toned Printed Kurta,699,999
Anouk,kurtas/anouk/anouk-women-blue-printed-straight-kurta/1427170/buy,Straight Kurta,659,1099
Anouk,kurtas/anouk/anouk-navy-blue-solid-a-line-kurta/1779810/buy,A-Line Kurta,449,1499
Anouk,kurtas/anouk/anouk-women-maroon--blue-printed-a-line-kurta/1495360/buy,Polyester A-Line Kurta,559,1399
Anouk,kurtas/anouk/anouk-women-grey-printed-straight-kurta/2016832/buy,Printed Straight Kurta,559,1399
Anouk,kurtas/anouk/anouk-blue-printed-kurta/1770949/buy,Printed Kurta,599,1499
Anouk,kurtas/anouk/anouk-women-blue-straight-kurta/1378935/buy,Cotton Straight Kurta    ,599,1499
Anouk,kurtas/anouk/anouk-women-blue-printed-straight-kurta/1750271/buy,Printed Straight Kurta,599,1499
Anouk,kurtas/anouk/anouk-women-orange--yellow-printed-straight-kurta/1750294/buy,Printed Straight Kurta,599,1499
Anouk,kurtas/anouk/anouk-women-teal-green-solid-a-line-kurta/1779812/buy,A-Line Kurta,599,1499
Anouk,kurtas/anouk/anouk-women-rust-orange-straight-kurta/1378937/buy,Cotton Straight Kurta    ,599,1499
Anouk,kurtas/anouk/anouk-women-blue-printed-straight-kurta/1545773/buy,Cotton Straight Kurta    ,649,1299
Anouk,kurtas/anouk/anouk-grey-solid-a-line-kurta/1775961/buy,Printed Kurta,599,1199
Anouk,kurtas/anouk/anouk-black-yoke-design-knitted-straight-kurta/1705919/buy,Yoke Design Kurta,599,1199
Anouk,kurtas/anouk/anouk-women-maroon-yoke-design-straight-kurta/1485603/buy,Straight Kurta,599,999
Anouk,kurtas/anouk/anouk-women-off-white--red-printed-a-line-kurta/1679909/buy,A-Line Kurta,389,1299
Anouk,kurtas/anouk/anouk-women-grey-printed-straight-kurta/1781524/buy,Printed Straight Kurta,559,1399
Anouk,kurtas/anouk/anouk-women-yellow-yoke-design-straight-kurta/1998007/buy,Yoke Design Straight Kurta,559,1399
Anouk,kurtas/anouk/anouk-magenta-layered-a-line-kurta/1425506/buy,Layered A-Line Kurta,679,1699
Anouk,kurtas/anouk/anouk-women-mustard-yellow-printed-a-line-kurta/1860327/buy,Printed A-Line Kurta,679,1699
Anouk,kurtas/anouk/anouk-blue-printed-a-line-kurta/1681348/buy,A-Line Kurta,599,999
Anouk,kurtas/anouk/anouk-women-green--blue-printed-a-line-kurta/1545754/buy,Cotton Printed A-Line Kurta,519,1299
Anouk,kurtas/anouk/anouk-women-beige-jacquard-woven-cold-shoulder-straight-kurta/1705207/buy,Jacquard Woven Straight Kurta,519,1299
Anouk,kurtas/anouk/anouk-women-pink--orange-colourblocked-a-line-kurta/1681342/buy,Colourblocked A-Line Kurta,519,1299
Anouk,kurtas/anouk/anouk-women-maroon-solid-straight-kurta/1548560/buy,Cotton Straight Kurta,519,1299
Anouk,kurtas/anouk/anouk-women-turquoise-blue-colourblock-a-line-kurta/1542076/buy,Cotton A-Line Kurta,519,1299
Anouk,kurtas/anouk/anouk-women-beige-printed-a-line-kurta/1556695/buy,A-Line Kurta,479,1599
Anouk,kurtas/anouk/anouk-women-pink--gold-toned-printed-a-line-kurta/1786374/buy,Printed A-Line Kurta,479,1199
Anouk,kurtas/anouk/anouk-women-white-straight-kurta/1229115/buy,Rayon Straight Kurta,479,1199
Anouk,kurtas/anouk/anouk-women-orange-solid-a-line-kurta/1427155/buy,A-Line Kurta,479,1199
Anouk,kurtas/anouk/anouk-magenta-yoke-design-knitted-straight-kurta/1705922/buy,Yoke Design Kurta,479,1199
Anouk,kurtas/anouk/anouk-women-beige-yoke-design-a-line-kurta/1707050/buy,A-Line Kurta,479,1199
Anouk,kurtas/anouk/anouk-women-navy-straight-kurta/1708243/buy,Straight Kurta,439,1099
Anouk,kurtas/anouk/anouk-women-blue-printed-a-line-kurta/1681338/buy,Printed A-Line Kurta,439,1099
Anouk,kurtas/anouk/anouk-women-navy--peach-coloured-printed-straight-kurta/1681454/buy,Printed Straight Kurta,439,1099
Anouk,kurtas/anouk/anouk-women-maroon-solid-a-line-kurta/1542115/buy,Cotton A-Line Kurta,559,1399
Anouk,kurtas/anouk/anouk-women-off-white-straight-kurta/1444821/buy,Viscose Straight Kurta,419,1399
Anouk,kurtas/anouk/anouk-women-off-white-printed-a-line-kurta/1708184/buy,Printed A-Line Kurta,439,1099
Anouk,kurtas/anouk/anouk-navy-blue--grey-printed-straight-kurta/1681452/buy,Straight Kurta,439,1099
Anouk,kurtas/anouk/anouk-women-black--white-printed-a-line-kurta/1681419/buy,A-Line Kurta,399,999
Anouk,kurtas/anouk/anouk-women-blue-floral-printed-a-line-kurta/1704831/buy,A-Line Printed Kurta,499,999
Anouk,kurtas/anouk/anouk-women-orange-printed-a-line-kurta/1570797/buy,A-Line Kurta,449,1499
Anouk,kurtas/anouk/anouk-women-blue--beige-printed-a-line-kurta/1781320/buy,Printed A-Line Kurta,519,1299
Anouk,kurtas/anouk/anouk-women-red-printed-a-line-kurta/1679899/buy,A-Line Kurta,389,1299
Anouk,kurtas/anouk/anouk-pink-printed-kurta/1681323/buy,Printed Kurta,439,1099
Anouk,kurtas/anouk/anouk-women-off-white-printed-a-line-kurta/1704858/buy,A-Line Kurta,399,999
Anouk,kurtas/anouk/anouk-women-navy--white-printed-straight-kurta/1681416/buy,Printed Straight Kurta,399,999
Anouk,kurtas/anouk/anouk-women-black-printed-a-line-kurta/1681405/buy,A-Line Kurta,399,999
Anouk,kurtas/anouk/anouk-women-purple-printed-straight-kurta/1707147/buy,Printed Straight Kurta,399,999
Anouk,kurtas/anouk/anouk-women-blue--off-white-printed-a-line-kurta/1750279/buy,Printed A-Line Kurta,679,1699
Anouk,kurtas/anouk/anouk-women-white-printed-straight-kurta/1781538/buy,Printed Straight Kurta,1049,1499
Anouk,kurtas/anouk/anouk-women-black--off-white-checked-a-line-kurta/1681286/buy,Checked A-Line Kurta,909,1299
Anouk,kurtas/anouk/anouk-women-red-a-line-kurta/1542082/buy,A-Line Kurta,389,1299
Anouk,kurtas/anouk/anouk-orange--gold-toned-printed-kurta/1385335/buy,Printed Kurta,699,999
Anouk,kurtas/anouk/anouk-women-blue-solid-kurta/1705004/buy,Women Solid Kurta,359,899
Anouk,kurtas/anouk/anouk-women-orange-ikkat-silk-kurta/1435807/buy,Ikkat Silk Kurta,2099,2999
Anouk,kurtas/anouk/anouk-blue-chambray-a-line-kurta/1777944/buy,A-Line Kurta,559,1399
Anouk,kurtas/anouk/anouk-women-grey--white-printed-a-line-kurta/1681299/buy,Printed A-Line Kurta,1119,1599
Anouk,kurtas/anouk/anouk-women-green-embroidered-a-line-kurta/2370041/buy,Embroidered A-Line Kurta,1079,1799
Anouk,kurtas/anouk/anouk-women-green--blue-printed-anarkali-kurta/1781331/buy,Printed Anarkali Kurta,759,1899
Anouk,kurtas/anouk/anouk-women-blue-kurta-with-embroidered-detail/1775969/buy,Kurta With Embroidered Detail,639,1599
Anouk,kurtas/anouk/anouk-women-black--white-printed-straight-kurta/1708233/buy,Printed Straight Kurta,769,1099
Anouk,kurtas/anouk/anouk-women-beige--brown-printed-anarkali-kurta/1781330/buy,Printed Anarkali Kurta,759,1899
Anouk,kurtas/anouk/anouk-women-pink-embroidered-a-line-kurta/1435770/buy,A-Line Kurta,1049,1499
Anouk,kurtas/anouk/anouk-yellow-printed-cold-shoulder-a-line-kurta/1796370/buy,Printed Kurta,839,2099
Anouk,kurtas/anouk/anouk-women-black-solid-a-line-kurta/1708182/buy,Cotton A-Line Kurta,519,1299
Anouk,kurtas/anouk/anouk-women-white--blue-printed-a-line-kurta/2017299/buy,Printed A-Line Kurta,679,1699
Anouk,kurtas/anouk/anouk-women-blue-printed-chambray-a-line-kurta/1680898/buy,Printed A-Line Kurta,679,1699
Anouk,kurtas/anouk/anouk-women-teal-blue--white-solid-a-line-kurta-with-jacket-set/1707029/buy,A-Line Kurta with Jacket Set,1259,1799
Anouk,kurtas/anouk/anouk-women-grey-solid-straight-kurta/1777939/buy,Solid Straight Kurta,749,1499
Anouk,kurtas/anouk/anouk-blue-straight-chambray-kurta/1777927/buy,Straight Kurta,909,1299
Anouk,kurtas/anouk/anouk-women-maroon-printed-straight-kurta/1705233/buy, Printed Straight Kurta,719,1199
Anouk,kurtas/anouk/anouk-women-blue-printed-straight-kurta/1570798/buy,Straight Kurta,599,1499
Anouk,kurtas/anouk/anouk-women-white-printed-straight-kurta/1860321/buy,Printed Straight Kurta,679,1699
Anouk,kurtas/anouk/anouk-women-off-white-printed-a-line-kurta/1781566/buy,Printed A-Line Kurta,839,1399
Anouk,kurtas/anouk/anouk-women-red-printed-a-line-kurta/1707112/buy,A-Line Kurta,479,799
Anouk,kurtas/anouk/anouk-women-blue--red-colourblocked-straight-kurta/1435846/buy,Colourblocked Straight Kurta,399,999
Anouk,kurtas/anouk/anouk-women-white--floral-printed-straight-kurta/1707757/buy,Straight Kurta,779,1299
Anouk,kurtas/anouk/anouk-women-grey-woven-a-line-kurta/1681315/buy,A-Line Kurta,519,1299
Anouk,kurtas/anouk/anouk-women-black-solid-straight-kurta/1781545/buy,Solid Straight Kurta,599,1499
Anouk,kurtas/anouk/anouk-women-magenta-jacquard-a-line-kurta/1707074/buy,Jacquard A-Line Kurta,599,1499
Anouk,kurtas/anouk/anouk-rust-orange-solid-a-line-kurta/1707090/buy,A-Line Kurta,979,1399
Anouk,kurtas/anouk/anouk-women-pink-printed-a-line-kurta/1681349/buy,Printed A-Line Kurta,699,999
Anouk,kurtas/anouk/anouk-blue-floral-print-a-line-kurta/1707125/buy,A-Line Kurta,699,999
Anouk,kurtas/anouk/anouk-women-maroon-solid-straight-kurta/1495113/buy,Straight Kurta,909,1299
Anouk,kurtas/anouk/anouk-women-blue--silver-toned-printed-anarkali-kurta/1926933/buy,Printed Anarkali Kurta,679,1699
Anouk,kurtas/anouk/anouk-women-magenta--off-white-printed-straight-kurta/1681373/buy,Straight Kurta,679,1699
Anouk,kurtas/anouk/anouk-cream-coloured--black-printed-straight-kurta/1779353/buy,Straight Kurta,659,1099
Anouk,kurtas/anouk/anouk-women-black-ajrakh-high-low-kurta/1548559/buy,Ajrakh High-Low Kurta,649,1299
Anouk,kurtas/anouk/anouk-blue-printed-a-line-kurta/1775974/buy,A-Line Kurta,519,1299
Anouk,kurtas/anouk/anouk-women-blue-solid-straight-kurta/1425475/buy,Straight Kurta,519,1299
Anouk,kurtas/anouk/anouk-women-black-printed-straight-kurta/1536988/buy,Rayon Straight Kurta,639,1599
Anouk,kurtas/anouk/anouk-multicoloured-printed-pathani-kurta/1446581/buy,Printed Pathani Kurta,639,1599
Anouk,kurtas/anouk/anouk-women-white-embellished-printed-a-line-kurta/1707218/buy,Embellished Printed Kurta,839,1399
Anouk,kurtas/anouk/anouk-women-magenta--beige-printed-a-line-kurta/1704995/buy,Viscose A-Line Kurta,839,1199
Anouk,kurtas/anouk/anouk-women-orange-straight-kurta/1681344/buy,Straight Kurta,499,999
Anouk,kurtas/anouk/anouk-women-multicoloured-printed-a-line-kurta/1848962/buy,Printed A-Line Kurta,799,1999
Anouk,kurtas/anouk/anouk-women-blue-denim-solid-a-line-kurta/1523335/buy,Cotton A-Line Kurta    ,799,1599
Anouk,kurtas/anouk/anouk-women-orange--pink-printed-kurta/1770958/buy,Printed Kurta,599,1499
Anouk,kurtas/anouk/anouk-women-burgundy-solid-straight-kurta/1378936/buy, Cotton Straight Kurta    ,599,1499
Anouk,kurtas/anouk/anouk-women-blue-self-design-straight-kurta/1495333/buy,Self-Design Straight Kurta,599,1499
Anouk,kurtas/anouk/anouk-women-green-printed-a-line-kurta/1705206/buy,Cotton A-Line Kurta,479,1199
Anouk,kurtas/anouk/anouk-women-purple-solid-a-line-kurta/1705025/buy,Solid A-Line Kurta,769,1099
Anouk,kurtas/anouk/anouk-maroon--beige-ajrakh-print-a-line-kurta/1548500/buy,Ajrakh A-Line Kurta,569,1899
Anouk,kurtas/anouk/anouk-women-maroon-ajrakh-print-a-line-kurta/1548522/buy,Ajrakh A-Line Kurta,569,1899
Anouk,kurtas/anouk/anouk-women-grey-embroidered-kurta/1705912/buy,Embroidered Kurta,749,1499
Anouk,kurtas/anouk/anouk-women-mustard-yellow-solid-a-line-kurta/1707141/buy,A-Line Kurta,559,799
Anouk,kurtas/anouk/anouk-women-pink-embroidered-a-line-kurta/2370043/buy,Embroidered A-Line Kurta,1079,1799
Anouk,kurtas/anouk/anouk-women-blue-yoke-design-straight-kurta/1601351/buy,Polyester Straight Kurta,539,1799
Anouk,kurtas/anouk/anouk-women-orange-printed-a-line-kurta/1750272/buy,Printed A-Line Kurta,1049,1499
Anouk,kurtas/anouk/anouk-women-green-printed-straight-kurta/1781324/buy,Printed Straight Kurta,1049,1499
Anouk,kurtas/anouk/anouk-women-navy-printed-straight-kurta/1548538/buy,Printed Straight Kurta,1049,1499
Anouk,kurtas/anouk/anouk-women-blue-printed-high-low-kurta/1704987/buy,Printed High-Low Kurta,699,999
Anouk,kurtas/anouk/anouk-yellow-kurta/1485604/buy,Kurta    ,699,999
Anouk,kurtas/anouk/anouk-women-orange-printed-straight-kurta/1681336/buy,Printed Straight Kurta,659,1099
Anouk,kurtas/anouk/anouk-women-navy-a-line-kurta/1708156/buy,A-Line Kurta,979,1399
Anouk,kurtas/anouk/anouk-women-blue-yoke-design-a-line-kurta/1707053/buy,A-Line Kurta,479,1199
Anouk,kurtas/anouk/anouk-women-rust-brown--white-printed-a-line-kurta/1708187/buy,A-Line Kurta,909,1299
Anouk,kurtas/anouk/anouk-women-navy-printed-straight-kurta/1781536/buy,Printed Straight Kurta,599,1499
Anouk,kurtas/anouk/anouk-women-red-printed-a-line-kurta/1926699/buy,Printed A-Line Kurta,599,1499
Anouk,kurtas/anouk/anouk-women-navy--beige-printed-a-line-kurta/1781313/buy,Printed A-Line Kurta,599,1499
Anouk,kurtas/anouk/anouk-women-grey--off-white-yoke-design-high-low-kurta/1681297/buy,High-Low Kurta,599,1499
Anouk,kurtas/anouk/anouk-women-blue--off--white-striped-a-line-kurta/1681314/buy,Striped A-Line Kurta,599,1499
Anouk,kurtas/anouk/anouk-women-red-yoke-design-straight-kurta/1708152/buy,Cotton Straight Kurta,599,1499
Anouk,kurtas/anouk/anouk-blue-embroidered-kurta/1435872/buy,Embroidered Kurta,599,1499
Anouk,kurtas/anouk/anouk-green--blue-printed-a-line-kurta/1235807/buy,Printed A-Line Kurta,599,1499
Anouk,kurtas/anouk/anouk-white--grey-printed-a-line-kurta/1708257/buy,A-Line Kurta,839,1199
Anouk,kurtas/anouk/anouk-grey-chambray-a-line-kurta/1777942/buy,A-Line Kurta,559,1399
Anouk,kurtas/anouk/anouk-women-red-solid-straight-kurta/1542107/buy,Cotton Straight Kurta,559,1399
Anouk,kurtas/anouk/anouk-women-sea-green-straight-kurta-with-printed-detail/1415307/buy,Cotton Straight Kurta,549,1099
Anouk,kurtas/anouk/anouk-women-beige--blue-printed-straight-kurta/1556665/buy,Straight Kurta,799,1599
Anouk,kurtas/anouk/anouk-women-maroon--mustard-yellow-printed-a-line-kurta/1781319/buy,Printed A-Line Kurta,519,1299
Anouk,kurtas/anouk/anouk-women-pink--black-printed-a-line-kurta/1415574/buy,A-Line Kurta,519,1299
Anouk,kurtas/anouk/anouk-women-navy-printed-anarkali-kurta/1548498/buy,Printed Anarkali Kurta,759,1899
Anouk,kurtas/anouk/anouk-pink--orange-printed-straight-kurta/1683262/buy,Straight Kurta,759,1899
Anouk,kurtas/anouk/anouk-women-blue-a-line-kurta/1777962/buy,A-Line Kurta,749,1499
Anouk,kurtas/anouk/anouk-blue--green-printed-jacket-kurta/1235811/buy,Printed Jacket Kurta,749,1499
Anouk,kurtas/anouk/anouk-women-white--blue-printed-straight-kurta/1786189/buy,Printed Straight Kurta,499,999
Anouk,kurtas/anouk/anouk-women-off-white--navy-yoke-design-a-line-kurta/1708161/buy,A-Line Kurta,479,1199
Anouk,kurtas/anouk/anouk-pink-printed-straight-kurta/1681423/buy,Straight Kurta,479,1199
Anouk,kurtas/anouk/anouk-women-brown-straight-kurta/1414197/buy,Modal Straight Kurta,699,999
Anouk,kurtas/anouk/anouk-women-orange-straight-kurta/1415606/buy,Straight Kurta,699,999
Anouk,kurtas/anouk/anouk-women-orange-printed-straight-kurta/1997977/buy,Printed Straight Kurta,679,1699
Anouk,kurtas/anouk/anouk-women-black--silver-toned-printed-anarkali-kurta/1926932/buy,Printed Anarkali Kurta,679,1699
Anouk,kurtas/anouk/anouk-women-beige--green-printed-straight-kurta/1781322/buy,Printed Straight Kurta,1299,
Anouk,kurtas/anouk/anouk-women-maroon--pink-printed-straight-kurta/1846909/buy,Printed Straight Kurta,639,1599
Anouk,kurtas/anouk/anouk-pink-woven-straight-kurta/1435806/buy,Straight Kurta,639,1599
Anouk,kurtas/anouk/anouk-women-yellow--orange-printed-a-line-kurta/1926704/buy,Printed A-Line Kurta,599,1499
Anouk,kurtas/anouk/anouk-women-green-printed-a-line-kurta/1926703/buy,Printed A-Line Kurta,599,1499
Anouk,kurtas/anouk/anouk-women-brown--beige-printed-a-line-kurta/1781314/buy,Printed A-Line Kurta,599,1499
Anouk,kurtas/anouk/anouk-women-yellow-solid-a-line-kurta/1779811/buy,A-Line Kurta,599,1499
Anouk,kurtas/anouk/anouk-women-charcoal-grey-printed-kurta/1570801/buy,Rayon Kurta,599,1499
Anouk,kurtas/anouk/anouk-women-burgundy-a-line-kurta/1435848/buy,A-Line Kurta    ,599,1199
Anouk,kurtas/anouk/anouk-women-magenta--blue-a-line-kurta/1415333/buy,A-Line Kurta,399,999
Anouk,kurtas/anouk/anouk-women-grey--pink-colourblocked-a-line-kurta/1556679/buy,A-Line Kurta,1119,1599
Anouk,kurtas/anouk/anouk-women-black-a-line-kurta/1708155/buy,A-Line Kurta,559,1399
Anouk,kurtas/anouk/anouk-women-off-white--blue-printed-a-line-kurta/1681379/buy,A-Line Kurta,1079,1799
Anouk,kurtas/anouk/anouk-women-peach-coloured-solid-straight-kurta/1848973/buy,Solid Straight Kurta,1049,1499
Anouk,kurtas/anouk/anouk-sea-green-printed-kurta/1235797/buy,Printed Kurta,1049,1499
Anouk,kurtas/anouk/anouk-women-grey-printed-high-low-kurta/1781321/buy,Printed High-Low Kurta,519,1299
Anouk,kurtas/anouk/anouk-women-navy-blue-printed-high-low-kurta/1707762/buy,Printed High-Low Kurta,519,1299
Anouk,kurtas/anouk/anouk-women-green-printed-straight-kurta/1786200/buy,Printed Straight Kurta,999,
Anouk,kurtas/anouk/anouk-women-navy-knitted-winter-kurta/1378941/buy,Knitted Winter Kurta,999,1999
Anouk,kurtas/anouk/anouk-women-green-solid-straight-kurta/1860309/buy,Solid Straight Kurta,479,1199
Anouk,kurtas/anouk/anouk-women-olive-green--red-printed-straight-kurta/1707034/buy,Printed Straight Kurta,479,1199
Anouk,kurtas/anouk/anouk-pink-printed-straight-kurta/1681327/buy,Straight Kurta,479,1199
Anouk,kurtas/anouk/anouk-women-pink--yellow-striped-a-line-kurta/1545756/buy,Cotton A-Line Kurta,479,1199
Anouk,kurtas/anouk/anouk-navy-indian-affair-embroidered-kurta/904881/buy,Anouk Navy Indian Affair Embroidered Kurta,919,2299
Anouk,kurtas/anouk/anouk-women-mustard-yellow--black-printed-kurta-with-patchwork-details/1708238/buy,Kurta with Patchwork Details,909,1299
Anouk,kurtas/anouk/anouk-women-black-kurta/1708237/buy,Kurta,909,1299
Anouk,kurtas/anouk/anouk-women-beige--black-printed-kurta/1708186/buy,Printed Kurta,909,1299
Anouk,kurtas/anouk/anouk-women-magenta-checked-a-line-kurta/1495376/buy,Cotton A-Line Kurta,839,1199
Anouk,kurtas/anouk/anouk-women-red-printed-straight-kurta/1548311/buy,Cotton Straight Kurta    ,839,1399
Anouk,kurtas/anouk/anouk-women-blue-solid-straight-kurta/1427163/buy,Straight Kurta,839,1399
Anouk,kurtas/anouk/anouk-blue-kurta/1378705/buy,Kurta,839,1399
Anouk,kurtas/anouk/anouk-navy-crinkled-kurta/1378706/buy,Crinkled Kurta,839,1199
Anouk,kurtas/anouk/anouk-women-cream-coloured-yoke-design-straight-kurta/1414156/buy,Straight Kurta,799,1599
Anouk,kurtas/anouk/anouk-navy-floral-print-kurta/1446653/buy,Floral Print Kurta,799,1599
Anouk,kurtas/anouk/anouk-pink-panelled-kurta/1126755/buy,Panelled Kurta,779,1299
Anouk,kurtas/anouk/anouk-women-mustard-yellow-solid-straight-kurta/1708244/buy,Straight Kurta,769,1099
Anouk,kurtas/anouk/anouk-women-maroon-printed-straight-kurta/1414224/buy,Cotton Straight Kurta    ,769,1099
Anouk,kurtas/anouk/anouk-pink-digital-print-kurta/1167497/buy,Digital Print Kurta,759,1899
Anouk,kurtas/anouk/anouk-women-navy-printed-straight-kurta/1495105/buy,Straight Kurta,749,1499
Anouk,kurtas/anouk/anouk-women-pink-solid-a-line-kurta/1414187/buy,Cotton A-Line Kurta,699,999
Anouk,kurtas/anouk/anouk-women-red-solid-a-line-kurta/1414183/buy,Cotton A-Line Kurta,699,999
Anouk,kurtas/anouk/anouk-women-purple--black-colourblocked-straight-kurta/1415309/buy,Colourblocked Straight Kurta,659,1099
Anouk,kurtas/anouk/anouk-women-green-solid-embroidered-straight-kurta/1435783/buy,Embroidered Straight Kurta,649,1299
Anouk,kurtas/anouk/anouk-women-maroon--beige-printed-a-line-kurta/1781317/buy,Printed A-Line Kurta,639,1599
Anouk,kurtas/anouk/anouk-women-rust-red-a-line-kurta/1521678/buy,Rayon A-Line Kurta    ,639,1599
Anouk,kurtas/anouk/anouk-women-black--white-printed-straight-kurta/1446669/buy,Straight Kurta,639,1599
Anouk,kurtas/anouk/anouk-women-green-solid-a-line-kurta/1415611/buy,Cotton A-Line Kurta,629,899
Anouk,kurtas/anouk/anouk-women-mustard-yellow-printed-straight-kurta/2017282/buy,Printed Straight Kurta,599,1499
Anouk,kurtas/anouk/anouk-women-peach-coloured-yoke-design-a-line-kurta/1897457/buy,Yoke Design A-Line Kurta,599,1499
Anouk,kurtas/anouk/anouk-women-green-solid-kurta/1681492/buy,Kurta,599,999
Anouk,kurtas/anouk/anouk-women-grey-solid-chambray-kurta/1680923/buy,Solid Chambray Kurta,599,1499
Anouk,kurtas/anouk/anouk-women-red--white-printed-a-line-kurta/1707771/buy,A-Line Kurta,599,1199
Anouk,kurtas/anouk/anouk-pink-embroidered-straight-kurta/1549187/buy,Straight Kurta,599,999
Anouk,kurtas/anouk/anouk-women-black-printed-straight-kurta/1495106/buy,Straight Kurta,599,1499
Anouk,kurtas/anouk/anouk-women-blue--red-woven-design-straight-kurta/1415335/buy,Cotton Straight Kurta,599,999
Anouk,kurtas/anouk/anouk-black-kurta/1025002/buy,Kurta,599,1499
Anouk,kurtas/anouk/anouk-women-green-printed-a-line-kurta/1781519/buy,Printed A-Line Kurta,559,1399
Anouk,kurtas/anouk/anouk-women-blue-printed-chambray-a-line-kurta/1680902/buy,Printed A-Line Kurta,559,1399
Anouk,kurtas/anouk/anouk-women-white--pink-printed-straight-kurta/1545767/buy,Cotton Straight Kurta,519,1299
Anouk,kurtas/anouk/anouk-women-blue-solid-straight-kurta/1414208/buy,Viscose Straight Kurta,519,1299
Anouk,kurtas/anouk/anouk-women-red--black-printed-kurta/333683/buy,Anouk Women Red & Black Printed Kurta,499,999
Anouk,kurtas/anouk/anouk-blue-high-low-kurta/1378709/buy,High-low Kurta,479,1199
Anouk,kurtas/anouk/anouk-women-maroon-printed-straight-kurta/1707155/buy,Printed Straight Kurta,799,
Anouk,kurtas/anouk/anouk-women-navy-blue--black-woven-design-a-line-kurta/1781541/buy,Woven Design A-Line Kurta,599,1499
Anouk,kurtas/anouk/anouk-women-red--green-printed-a-line-kurta/1707035/buy,Printed A-Line Kurta,599,1199
Anouk,kurtas/anouk/anouk-women-black--grey-printed-a-line-kurta/1897438/buy,Printed A-Line Kurta,999,
Anouk,kurtas/anouk/anouk-women-black--beige-printed-a-line-kurta/1897440/buy,Printed A-Line Kurta,999,
Anouk,kurtas/anouk/anouk-women-beige--rust-red-printed-a-line-kurta/1926701/buy,Printed A-Line Kurta,599,1499
Anouk,kurtas/anouk/anouk-women-green--beige-printed-a-line-kurta/1781315/buy,Printed A-Line Kurta,599,1499
Anouk,kurtas/anouk/anouk-women-green-printed-a-line-kurta/1781328/buy,Printed A-Line Kurta,909,1299
Anouk,kurtas/anouk/anouk-women-black--white-printed-kurta/1781309/buy,Printed Kurta,479,1199
Anouk,kurtas/anouk/anouk-women-blue-straight-kurta/1681345/buy,Straight Kurta,599,999
Anouk,kurtas/anouk/anouk-black-yoke-design-knitted-straight-kurta/1705923/buy,Yoke Design Kurta,479,1199
Anouk,kurtas/anouk/anouk-women-blue--maroon-printed-a-line-kurta/1707118/buy,Printed A-Line Kurta,799,
Anouk,kurtas/anouk/anouk-purple--pink-printed-straight-kurta/1681430/buy,Straight Kurta,479,1199
Anouk,kurtas/anouk/anouk-women-grey-solid-a-line-kurta/1705010/buy,A-Line Kurta,699,999
Anouk,kurtas/anouk/anouk-women-blue-jacquard-a-line-kurta/1707079/buy,Jacquard A-Line Kurta,899,1499
Anouk,kurtas/anouk/anouk-women-red-printed-straight-high-low-kurta/1704986/buy,Printed High-Low Kurta,999,
Anouk,kurtas/anouk/anouk-women-maroon-printed-pathani-kurta/1707764/buy,Printed Pathani Kurta,1299,
Anouk,kurtas/anouk/anouk-women-pink-solid-a-line-kurta/1705230/buy,Cotton A-Line Kurta,699,1399
Anouk,kurtas/anouk/anouk-women-yellow--black-printed-straight-kurta/1708181/buy,Straight Kurta,1099,
Anouk,kurtas/anouk/anouk-women-grey-jacquard-woven-cold-shoulder-straight-kurta/1705210/buy,Jacquard Woven Straight Kurta,909,1299
Anouk,kurtas/anouk/anouk-red--yellow-colourblocked-a-line-kurta/1707041/buy,A-Line Kurta,719,1199
Anouk,kurtas/anouk/anouk-red--yellow-colourblocked-a-line-kurta/1707038/buy,A-Line Kurta,839,1199
Anouk,kurtas/anouk/anouk-women-beige-jacquard-a-line-kurta/1707076/buy,Jacquard A-Line Kurta,599,1499
Anouk,kurtas/anouk/anouk-women-red--beige-printed-a-line-kurta/1704997/buy,Viscose A-Line Kurta,839,1199
Anouk,kurtas/anouk/anouk-brown--beige-ajrakh-print-straight-kurta/1548634/buy,Ajrakh Straight Kurta,779,1299
Anouk,kurtas/anouk/anouk-women-black-ajrakh-a-line-kurta/1548485/buy,Ajrakh A-Line Kurta,899,1499
Anouk,kurtas/anouk/anouk-women-blue-self-design-a-line-kurta/1549189/buy,Cotton A-Line Kurta,699,999
Anouk,kurtas/anouk/anouk-black-printed-straight-kurta/1681444/buy,Straight Kurta,599,999
Anouk,kurtas/anouk/anouk-women-black-printed-straight-kurta/1681443/buy,Straight Kurta,699,999
Anouk,kurtas/anouk/anouk-women-orange-embroidered-a-line-kurta/1435802/buy,A-LineKurta,639,1599
Anouk,kurtas/anouk/anouk-pink-printed-a-line-kurta/1556697/buy,A-Line Kurta,799,1599
Anouk,kurtas/anouk/anouk-women-black-solid-straight-kurta/1501739/buy,Straight Kurta,949,1899
Anouk,kurtas/anouk/anouk-women-cream-coloured--black-printed-straight-kurta/1497910/buy,Straight Kurta,719,1199
Anouk,kurtas/anouk/anouk-women-yellow-printed-a-line-kurta/1556686/buy,A-Line Kurta,959,1599
Anouk,kurtas/anouk/anouk-women-purple-solid-straight-kurta/1501738/buy,Straight Kurta,1139,1899
Anouk,kurtas/anouk/anouk-women-purple-yoke-design-a-line-kurta/1415312/buy,A-Line Kurta,979,1399
Anouk,kurtas/anouk/anouk-women-magenta-floral-print-straight-kurta/1570806/buy,Floral Print Straight Kurta,599,1499
Anouk,kurtas/anouk/anouk-women-green-printed-a-line-kurta/1570796/buy,A-Line Kurta,1499,
Anouk,kurtas/anouk/anouk-women-off-white-printed-straight-kurta/1497916/buy,Straight Kurta,719,1199
Anouk,kurtas/anouk/anouk-women-blue-printed-straight-kurta/1536978/buy,Printed Straight Kurta,769,1099
Anouk,kurtas/anouk/anouk-women-blue-printed-a-line-kurta/1385333/buy,Printed A-Line Kurta,999,
Anouk,kurtas/anouk/anouk-women-charcoal-solid-straight-kurta/1495110/buy,Cotton Straight Kurta,979,1399
Anouk,kurtas/anouk/anouk-women-navy--pink-colourblock-a-line-kurta/1542084/buy,Cotton A-Line Kurta,779,1299
Anouk,kurtas/anouk/anouk-women-blue-printed-a-line-kurta/1495358/buy,Viscose A-Line Kurta,1049,1499
Anouk,kurtas/anouk/anouk-women-brown-yoke-design-embroidered-straight-kurta/1414162/buy,Rayon Straight Kurta,1119,1599
Anouk,kurtas/anouk/anouk-women-maroon-embroidered-winter-a-line-kurta/1382039/buy,Winter A-Line Kurta,1099,2199
Anouk,kurtas/anouk/anouk-women-white--maroon-ikkat-print-straight-kurta/1436532/buy,Straight Kurta,979,1399
Anouk,kurtas/anouk/anouk-women-solid-winter-a-line-kurta/1382038/buy,Winter A-Line Kurta,1099,2199
Anouk,kurtas/anouk/anouk-women-red-printed-a-line-kurta/1548318/buy,Cotton A-Line Kurta,839,1199
Anouk,kurtas/anouk/anouk-women-black--maroon-embroidered-a-line-kurta/1481153/buy,A-Line Kurta,799,1599
Anouk,kurtas/anouk/anouk-women-orange-printed-a-line-kurta/1481159/buy,A-Line Kurta,1259,1799
Anouk,kurtas/anouk/anouk-women-navy-printed-straight-kurta/1545758/buy,Cotton Straight Kurta,769,1099
Anouk,kurtas/anouk/anouk-women-rust-red-a-line-kurta/1427143/buy,Crepe A-Line Kurta,769,1099
Anouk,kurtas/anouk/anouk-women-navy-patterned-winter-kurta-/1382282/buy,Patterned Winter Kurta ,1119,1599
Anouk,kurtas/anouk/anouk-women-black--white-ikat-woven-design-straight-kurta/1436528/buy,Cotton Straight Kurta,839,1199
Anouk,kurtas/anouk/anouk-women-off-white-printed-straight-kurta/1545753/buy,Cotton Straight Kurta    ,659,1099
Anouk,kurtas/anouk/anouk-women-black-solid-anarkali-kurta/1481140/buy, Cotton Anarkali Kurta    ,1189,1699
Anouk,kurtas/anouk/anouk-women-navy-floral-print-straight-kurta/1549169/buy,Straight Kurta,699,999
Anouk,kurtas/anouk/anouk-women-green-ikkat-silk-kurta/1435809/buy,Ikkat Silk Kurta,2099,2999
Anouk,kurtas/anouk/anouk-women-green-printed-a-line-kurta/1545752/buy,Cotton Printed A-Line Kurta,839,1199
Anouk,kurtas/anouk/anouk-women-black--off-white-floral-print-straight-kurta/1549170/buy,Straight Kurta    ,599,999
Anouk,kurtas/anouk/anouk-women-blue-yoke-design-straight-kurta/1485601/buy, Cotton Straight Kurta    ,999,
Anouk,kurtas/anouk/anouk-women-orange-solid-embroidered-straight-kurta/1435786/buy,Embroidered Straight Kurta,909,1299
Anouk,kurtas/anouk/anouk-women-black-straight-kurta/1414198/buy,Modal Straight Kurta,699,999
Anouk,kurtas/anouk/anouk-women-red-printed-a-line-kurta/1415572/buy,A-Line Kurta    ,769,1099
Anouk,kurtas/anouk/anouk-white--blue-printed-sleeveless-kurta/1229113/buy,Printed Sleeveless Kurta,699,1399
Anouk,kurtas/anouk/anouk-women-green-printed-straight-kurta/1427172/buy,Straight Kurta,769,1099
Anouk,kurtas/anouk/anouk-women-coral-pink-solid-a-line-kurta/1435757/buy,A-Line Kurta,649,1299
Anouk,kurtas/anouk/anouk-women-teal-blue-solid-a-line-kurta/1435762/buy,Polyester A-Line Kurta,519,1299
Anouk,kurtas/anouk/anouk-olive-green-printed-kurta/1422303/buy,Printed Kurta    ,629,899
Anouk,kurtas/anouk/anouk-women-green-solid-a-line-kurta/1435758/buy,Polyester A-Line Kurta,649,1299
Anouk,kurtas/anouk/anouk-women-black-woven-design-straight-kurta/1415605/buy,Cotton Straight Kurta,699,999
Anouk,kurtas/anouk/anouk-women-pink-embroidered-straight-kurta/1435778/buy,Embroidered Straight Kurta,779,1299
Anouk,kurtas/anouk/anouk-women-lavender-straight-kurta/1435837/buy,Straight Kurta    ,769,1099
Anouk,kurtas/anouk/anouk-women-green-solid-straight-kurta/1425460/buy,Polyester Straight Kurta,479,1199
Anouk,kurtas/anouk/anouk-women-green-solid-high-low-kurta/1415339/buy,Cotton High-Low Kurta,769,1099
Anouk,kurtas/anouk/anouk-orange-high-low-kurta/1378703/buy,High-Low Kurta,599,1199
Anouk,kurtas/anouk/anouk-cream-coloured-printed-kurta/1425418/buy,Printed Kurta,839,1199
Anouk,kurtas/anouk/anouk-maroon-printed-kurta/1399181/buy,Printed Kurta,519,1299
Anouk,kurtas/anouk/anouk-blue-kurta/1425454/buy,Kurta,909,1299
Anouk,kurtas/anouk/anouk-navy-a-line-kurta/1395998/buy,A-line Kurta,839,1399
Anouk,kurtas/anouk/anouk-red--white-printed-kurta/1354825/buy,Printed Kurta,1049,1499
Anouk,kurtas/anouk/anouk-beige-kalamakari-printed-kurta/1354880/buy,Kalamkari Printed Kurta,1599,
Anouk,kurtas/anouk/anouk-teal-blue-kurta/1354861/buy,Kurta,979,1399
Anouk,kurtas/anouk/anouk-green--pink-kurta/1354856/buy,Kurta,979,1399
Anouk,kurtas/anouk/anouk-grey-chambray-kurta/1383515/buy,Chambray Kurta,1329,1899
Anouk,kurtas/anouk/anouk-orange-gadhwal-long-kurta/1383500/buy,Gadhwal Long Kurta,1139,1899
Anouk,kurtas/anouk/anouk-red--green-kurta/1354871/buy,Kurta,839,1399
Anouk,kurtas/anouk/anouk-blue-printed-detail-dobby-kurta/1131199/buy,Printed Detail Dobby Kurta,839,1199
Anouk,kurtas/anouk/anouk-pink-kurta/1235800/buy,Printed Kurta,649,1299
Anouk,kurtas/anouk/anouk-orange-embroidered-kurta/1126778/buy,Embroidered Kurta,839,1199
Anouk,kurtas/anouk/anouk-pink-digital-print-kurta/1167510/buy,Digital Print Kurta,759,1899
Anouk,kurtas/anouk/anouk-blue--pink-digital-print-kurta/1167491/buy,Digital Print Kurta,799,1599
Anouk,kurtas/anouk/anouk-mustard-yellow--blue-digital-print-kurta/1167493/buy,Digital Print Kurta,1329,1899
Anouk,kurtas/anouk/anouk-multicoloured-printed-kurta/1158193/buy,Printed Kurta,559,799
Anouk,kurtas/anouk/anouk-green-kurta/914583/buy,Kurta,629,899
